gender,lastname,firstname,birthdate,mobile,OU,group,email,password
M,Baker,Wyatt,11/13/1986,610746829,ourense,desarrollo,wyattbaker1986@aso.local,1234.Abcd
M,Garcia,Levi,05/29/1970,607762059,lugo,sistemas,levigarcia1970@aso.local,1235.Abcd
F,Young,Harper,04/13/1994,601912260,vigo,desarrollo,harperyoung1994@aso.local,1236.Abcd
F,Anderson,Samantha,01/30/1997,673989728,ourense,contabilidad,samanthaanderson1997@aso.local,1237.Abcd
F,Davis,Kaylee,03/02/1974,603030866,ourense,desarrollo,kayleedavis1974@aso.local,1238.Abcd
M,Jones,Jonathan,12/31/1983,666872312,ourense,marketing,jonathanjones1983@aso.local,1239.Abcd
M,Nelson,Wyatt,05/11/1995,661936783,lugo,desarrollo,wyattnelson1995@aso.local,1240.Abcd
M,Jackson,Alexander,08/16/1998,667256366,lugo,desarrollo,alexanderjackson1998@aso.local,1241.Abcd
M,Nelson,James,02/14/1991,625783946,ourense,desarrollo,jamesnelson1991@aso.local,1242.Abcd
F,Smith,Lily,11/15/1987,676894755,vigo,desarrollo,lilysmith1987@aso.local,1243.Abcd
F,Scott,Addison,03/27/1978,605189215,lugo,desarrollo,addisonscott1978@aso.local,1244.Abcd
M,Wilson,Christopher,04/12/1990,631065397,lugo,vip,christopherwilson1990@aso.local,1245.Abcd
F,Lopez,Leah,03/10/1985,660367848,ourense,desarrollo,leahlopez1985@aso.local,1246.Abcd
F,Lopez,Zoey,12/28/1993,632597191,lugo,vip,zoeylopez1993@aso.local,1247.Abcd
M,Davis,Andrew,06/27/1996,678149509,lugo,sistemas,andrewdavis1996@aso.local,1248.Abcd
F,Moore,Navaeh,03/25/1989,683149063,ourense,desarrollo,navaehmoore1989@aso.local,1249.Abcd
M,Williams,Andrew,08/07/1999,672448728,ourense,desarrollo,andrewwilliams1999@aso.local,1250.Abcd
F,Campbell,Alexis,10/10/1999,689910864,ourense,desarrollo,alexiscampbell1999@aso.local,1251.Abcd
M,Lewis,Jonathan,09/22/1994,648590968,santiago,desarrollo,jonathanlewis1994@aso.local,1252.Abcd
F,Adams,Charlotte,01/26/1987,690149718,lugo,vip,charlotteadams1987@aso.local,1253.Abcd
F,Thomas,Evelyn,04/15/1991,651283492,lugo,desarrollo,evelynthomas1991@aso.local,1254.Abcd
F,Hall,Hailey,05/02/1990,668597686,santiago,desarrollo,haileyhall1990@aso.local,1255.Abcd
F,Roberts,Addison,07/11/1997,674398853,santiago,vip,addisonroberts1997@aso.local,1256.Abcd
M,Moore,Noah,07/05/1973,694399844,lugo,marketing,noahmoore1973@aso.local,1257.Abcd
M,Baker,Mason,11/13/1998,604548830,vigo,sistemas,masonbaker1998@aso.local,1258.Abcd
M,Brown,Caleb,07/14/1975,610706223,vigo,desarrollo,calebbrown1975@aso.local,1259.Abcd
F,Scott,Kaylee,09/09/1986,600921272,santiago,desarrollo,kayleescott1986@aso.local,1260.Abcd
F,Taylor,Anna,09/26/1989,639610308,santiago,sistemas,annataylor1989@aso.local,1261.Abcd
M,Williams,Michael,08/29/1989,606208384,santiago,vip,michaelwilliams1989@aso.local,1262.Abcd
M,Baker,Caleb,12/25/1982,621340342,vigo,desarrollo,calebbaker1982@aso.local,1263.Abcd
F,Clark,Navaeh,05/18/1990,633297506,ourense,marketing,navaehclark1990@aso.local,1264.Abcd
F,Walker,Emily,05/10/1984,649563599,vigo,desarrollo,emilywalker1984@aso.local,1265.Abcd
F,Hill,Leah,04/27/1974,629800489,santiago,sistemas,leahhill1974@aso.local,1266.Abcd
M,Phillips,Aaron,12/07/1973,609186953,lugo,desarrollo,aaronphillips1973@aso.local,1267.Abcd
M,Young,Landon,02/08/1971,671631114,lugo,sistemas,landonyoung1971@aso.local,1268.Abcd
M,Green,Nathan,06/03/1984,601949629,lugo,desarrollo,nathangreen1984@aso.local,1269.Abcd
F,Wilson,Aria,12/12/1986,670928329,vigo,desarrollo,ariawilson1986@aso.local,1270.Abcd
F,King,Isabella,07/27/1981,641009383,lugo,desarrollo,isabellaking1981@aso.local,1271.Abcd
M,White,Logan,05/01/1997,633266064,vigo,desarrollo,loganwhite1997@aso.local,1272.Abcd
M,Walker,Wyatt,01/13/1995,632728910,vigo,desarrollo,wyattwalker1995@aso.local,1273.Abcd
M,Smith,Lucas,03/14/1988,624861108,santiago,desarrollo,lucassmith1988@aso.local,1274.Abcd
F,Ezoic,Hannah,06/28/1981,683111956,vigo,desarrollo,hannahezoic1981@aso.local,1275.Abcd
F,Campbell,Savannah,12/05/1998,600988723,santiago,sistemas,savannahcampbell1998@aso.local,1276.Abcd
F,Walker,Lillian,04/08/1978,683779614,santiago,sistemas,lillianwalker1978@aso.local,1277.Abcd
M,Smith,Lucas,09/14/1991,604485087,santiago,desarrollo,lucassmith1991@aso.local,1278.Abcd
M,Moore,Hunter,09/26/1972,639444234,vigo,sistemas,huntermoore1972@aso.local,1279.Abcd
F,King,Anna,06/25/1993,679593807,vigo,desarrollo,annaking1993@aso.local,1280.Abcd
F,Taylor,Alexa,07/13/1991,627991467,santiago,desarrollo,alexataylor1991@aso.local,1281.Abcd
M,Miller,Hunter,03/20/1971,604604157,santiago,marketing,huntermiller1971@aso.local,1282.Abcd
F,Martinez,Zoey,08/28/1982,696422816,vigo,desarrollo,zoeymartinez1982@aso.local,1283.Abcd
M,Carter,Daniel,06/19/1999,678661433,vigo,desarrollo,danielcarter1999@aso.local,1284.Abcd
M,Hernandez,Isaiah,09/06/1998,627595095,ourense,vip,isaiahhernandez1998@aso.local,1285.Abcd
M,Johnson,Mason,08/04/1997,666669319,vigo,sistemas,masonjohnson1997@aso.local,1286.Abcd
M,White,Anthony,02/11/1994,614196467,santiago,desarrollo,anthonywhite1994@aso.local,1287.Abcd
M,Johnson,Luke,03/06/1981,688911102,santiago,desarrollo,lukejohnson1981@aso.local,1288.Abcd
F,Adams,Olivia,09/20/1978,647955597,vigo,desarrollo,oliviaadams1978@aso.local,1289.Abcd
F,Young,Riley,05/24/1993,640841680,vigo,sistemas,rileyyoung1993@aso.local,1290.Abcd
F,Smith,Isabella,05/02/1997,650431238,santiago,vip,isabellasmith1997@aso.local,1291.Abcd
F,Smith,Brooklyn,10/05/1984,659270579,santiago,desarrollo,brooklynsmith1984@aso.local,1292.Abcd
F,Clark,Samantha,11/22/1982,621144435,vigo,sistemas,samanthaclark1982@aso.local,1293.Abcd
F,Smith,Riley,06/24/1987,676052946,ourense,desarrollo,rileysmith1987@aso.local,1294.Abcd
F,Martin,Anna,06/28/1977,646862486,lugo,vip,annamartin1977@aso.local,1295.Abcd
M,Evans,Alexander,09/24/1993,689232365,ourense,desarrollo,alexanderevans1993@aso.local,1296.Abcd
F,Gonzalez,Camila,01/11/1978,651625018,santiago,sistemas,camilagonzalez1978@aso.local,1297.Abcd
F,Turner,Allison,12/30/1990,621423285,santiago,contabilidad,allisonturner1990@aso.local,1298.Abcd
F,Moore,Amelia,08/27/1990,698083640,vigo,marketing,ameliamoore1990@aso.local,1299.Abcd
F,Phillips,Harper,09/03/1973,677469539,santiago,sistemas,harperphillips1973@aso.local,1300.Abcd
M,Lopez,Dylan,01/30/1976,622737651,ourense,desarrollo,dylanlopez1976@aso.local,1301.Abcd
M,Taylor,Wyatt,09/17/1997,633955395,ourense,desarrollo,wyatttaylor1997@aso.local,1302.Abcd
M,Garcia,Liam,11/07/1984,695975450,ourense,desarrollo,liamgarcia1984@aso.local,1303.Abcd
M,Baker,Christopher,02/17/1980,681200429,santiago,desarrollo,christopherbaker1980@aso.local,1304.Abcd
F,Allen,Allison,08/31/1970,631387416,vigo,contabilidad,allisonallen1970@aso.local,1305.Abcd
F,Thompson,Emma,02/14/1973,630767669,ourense,desarrollo,emmathompson1973@aso.local,1306.Abcd
M,Anderson,Jackson,04/27/1975,689645454,santiago,desarrollo,jacksonanderson1975@aso.local,1307.Abcd
M,Moore,Julian,01/22/1973,697251398,lugo,vip,julianmoore1973@aso.local,1308.Abcd
F,Walker,Samantha,08/19/1970,652568595,ourense,desarrollo,samanthawalker1970@aso.local,1309.Abcd
F,Garcia,Grace,09/02/1974,678181081,lugo,contabilidad,gracegarcia1974@aso.local,1310.Abcd
F,Davis,Samantha,07/20/1982,625179964,lugo,marketing,samanthadavis1982@aso.local,1311.Abcd
M,Scott,Joseph,10/22/1998,628578694,santiago,desarrollo,josephscott1998@aso.local,1312.Abcd
F,Turner,Allison,03/29/1975,645820017,ourense,vip,allisonturner1975@aso.local,1313.Abcd
F,Harris,Emma,02/10/1973,640400028,ourense,desarrollo,emmaharris1973@aso.local,1314.Abcd
M,Lopez,Michael,03/30/1978,680910113,santiago,desarrollo,michaellopez1978@aso.local,1315.Abcd
M,Anderson,Hunter,08/29/1971,680992370,ourense,sistemas,hunteranderson1971@aso.local,1316.Abcd
M,Turner,Wyatt,06/19/1972,625261630,lugo,desarrollo,wyattturner1972@aso.local,1317.Abcd
M,Sanchez,Landon,09/25/1994,676603350,santiago,sistemas,landonsanchez1994@aso.local,1318.Abcd
F,Garcia,Lily,04/22/1970,659732861,lugo,desarrollo,lilygarcia1970@aso.local,1319.Abcd
M,Garcia,Isaiah,04/23/1970,656323937,santiago,contabilidad,isaiahgarcia1970@aso.local,1320.Abcd
F,Harris,Isabella,10/11/1985,676694464,lugo,desarrollo,isabellaharris1985@aso.local,1321.Abcd
F,Robinson,Lillian,12/23/1991,698010010,santiago,desarrollo,lillianrobinson1991@aso.local,1322.Abcd
F,Allen,Abigail,01/02/1975,672792986,ourense,desarrollo,abigailallen1975@aso.local,1323.Abcd
M,Green,Owen,04/09/1989,671697671,santiago,desarrollo,owengreen1989@aso.local,1324.Abcd
F,Thompson,Claire,08/28/1992,638379249,santiago,desarrollo,clairethompson1992@aso.local,1325.Abcd
F,Gonzalez,Anna,11/08/1987,678437009,ourense,desarrollo,annagonzalez1987@aso.local,1326.Abcd
M,Carter,David,12/23/1975,684756779,santiago,vip,davidcarter1975@aso.local,1327.Abcd
F,Gonzalez,Kaylee,09/14/1971,669841390,vigo,marketing,kayleegonzalez1971@aso.local,1328.Abcd
F,Lee,Aria,03/18/1970,629697529,vigo,vip,arialee1970@aso.local,1329.Abcd
F,Campbell,Victoria,11/17/1985,613401994,ourense,sistemas,victoriacampbell1985@aso.local,1330.Abcd
F,Green,Evelyn,01/24/1986,625912713,santiago,desarrollo,evelyngreen1986@aso.local,1331.Abcd
M,Phillips,Levi,02/09/1999,684595697,santiago,desarrollo,leviphillips1999@aso.local,1332.Abcd
F,Roberts,Chloe,06/02/1979,631105413,vigo,marketing,chloeroberts1979@aso.local,1333.Abcd
M,Hall,Landon,11/10/1989,616002193,lugo,sistemas,landonhall1989@aso.local,1334.Abcd
F,White,Aria,05/24/1984,693348928,vigo,desarrollo,ariawhite1984@aso.local,1335.Abcd
M,Lopez,Nathan,10/14/1992,664050689,santiago,desarrollo,nathanlopez1992@aso.local,1336.Abcd
M,Davis,John,04/17/1976,622449014,lugo,marketing,johndavis1976@aso.local,1337.Abcd
M,Rodriguez,Jonathan,05/22/1980,674034267,lugo,desarrollo,jonathanrodriguez1980@aso.local,1338.Abcd
M,Harris,Isaac,10/24/1987,655335302,ourense,desarrollo,isaacharris1987@aso.local,1339.Abcd
M,Moore,Aaron,03/19/1973,669025685,vigo,desarrollo,aaronmoore1973@aso.local,1340.Abcd
F,Carter,Scarlett,12/10/1986,626607243,santiago,desarrollo,scarlettcarter1986@aso.local,1341.Abcd
M,Roberts,Owen,06/30/1987,600224852,vigo,sistemas,owenroberts1987@aso.local,1342.Abcd
M,Lee,Elijah,06/12/1977,659771094,lugo,desarrollo,elijahlee1977@aso.local,1343.Abcd
F,Phillips,Alexis,07/19/1981,664358972,santiago,desarrollo,alexisphillips1981@aso.local,1344.Abcd
F,Harris,Gabriella,08/24/1998,691894207,vigo,sistemas,gabriellaharris1998@aso.local,1345.Abcd
F,Garcia,Zoey,03/16/1990,668180601,ourense,sistemas,zoeygarcia1990@aso.local,1346.Abcd
F,Walker,Hailey,11/01/1977,651949086,vigo,desarrollo,haileywalker1977@aso.local,1347.Abcd
F,Evans,Allison,05/14/1983,657798809,santiago,desarrollo,allisonevans1983@aso.local,1348.Abcd
M,Young,Samuel,05/08/1983,648734018,vigo,desarrollo,samuelyoung1983@aso.local,1349.Abcd
M,Clark,Elijah,03/11/1996,682627813,ourense,desarrollo,elijahclark1996@aso.local,1350.Abcd
M,Lewis,James,03/01/1975,625514830,santiago,desarrollo,jameslewis1975@aso.local,1351.Abcd
M,Thomas,William,09/09/1972,624947592,santiago,vip,williamthomas1972@aso.local,1352.Abcd
F,Walker,Sarah,10/21/1983,632405685,vigo,contabilidad,sarahwalker1983@aso.local,1353.Abcd
F,Wilson,Amelia,03/02/1973,634765153,santiago,contabilidad,ameliawilson1973@aso.local,1354.Abcd
M,Mitchell,Michael,08/18/1972,638345166,vigo,sistemas,michaelmitchell1972@aso.local,1355.Abcd
M,Walker,Ethan,09/09/1988,691633894,santiago,vip,ethanwalker1988@aso.local,1356.Abcd
F,Hall,Hailey,02/12/1990,656366728,ourense,desarrollo,haileyhall1990@aso.local,1357.Abcd
F,Phillips,Addison,06/05/1976,664170567,ourense,marketing,addisonphillips1976@aso.local,1358.Abcd
F,Roberts,Scarlett,10/04/1981,648530387,vigo,marketing,scarlettroberts1981@aso.local,1359.Abcd
F,King,Charlotte,09/18/1997,669806900,lugo,desarrollo,charlotteking1997@aso.local,1360.Abcd
F,Roberts,Alexis,07/18/1996,653248575,lugo,sistemas,alexisroberts1996@aso.local,1361.Abcd
F,Scott,Olivia,02/14/1997,646028495,ourense,desarrollo,oliviascott1997@aso.local,1362.Abcd
F,Robinson,Sophia,08/24/1991,608195300,vigo,vip,sophiarobinson1991@aso.local,1363.Abcd
F,Hernandez,Mia,09/14/1970,660084927,santiago,sistemas,miahernandez1970@aso.local,1364.Abcd
M,Campbell,Ethan,12/30/1991,693093136,vigo,marketing,ethancampbell1991@aso.local,1365.Abcd
F,Campbell,Lillian,03/14/1978,662114872,vigo,desarrollo,lilliancampbell1978@aso.local,1366.Abcd
F,Mitchell,Evelyn,04/01/1993,692136530,santiago,desarrollo,evelynmitchell1993@aso.local,1367.Abcd
F,Miller,Lily,03/23/1986,636979340,santiago,marketing,lilymiller1986@aso.local,1368.Abcd
M,Turner,Christopher,06/06/1983,645038130,lugo,marketing,christopherturner1983@aso.local,1369.Abcd
M,Robinson,Ryan,02/01/1991,695070971,lugo,desarrollo,ryanrobinson1991@aso.local,1370.Abcd
M,Campbell,Jonathan,06/26/1977,658719441,lugo,desarrollo,jonathancampbell1977@aso.local,1371.Abcd
F,Moore,Alexa,04/30/1998,652352525,vigo,vip,alexamoore1998@aso.local,1372.Abcd
F,Johnson,Abigail,01/26/1972,620811119,santiago,sistemas,abigailjohnson1972@aso.local,1373.Abcd
M,Young,Aaron,11/12/1994,609906637,lugo,desarrollo,aaronyoung1994@aso.local,1374.Abcd
F,Davis,Madison,02/10/1991,696812389,santiago,contabilidad,madisondavis1991@aso.local,1375.Abcd
F,Williams,Charlotte,02/18/1972,600305323,santiago,contabilidad,charlottewilliams1972@aso.local,1376.Abcd
M,Green,Jonathan,09/08/1998,688423571,vigo,desarrollo,jonathangreen1998@aso.local,1377.Abcd
M,Thompson,Jayden,08/31/1975,628856293,santiago,marketing,jaydenthompson1975@aso.local,1378.Abcd
F,Hall,Zoe,10/14/1991,605876441,vigo,desarrollo,zoehall1991@aso.local,1379.Abcd
M,Lopez,Owen,01/28/1994,665567077,lugo,desarrollo,owenlopez1994@aso.local,1380.Abcd
M,Anderson,David,05/13/1976,618743533,vigo,desarrollo,davidanderson1976@aso.local,1381.Abcd
F,White,Aria,06/18/1997,681358144,ourense,contabilidad,ariawhite1997@aso.local,1382.Abcd
M,Young,Isaac,03/04/1997,645508632,ourense,desarrollo,isaacyoung1997@aso.local,1383.Abcd
M,Campbell,Mason,08/28/1999,670728531,santiago,marketing,masoncampbell1999@aso.local,1384.Abcd
M,Turner,Elijah,07/31/1991,698743696,vigo,desarrollo,elijahturner1991@aso.local,1385.Abcd
F,Moore,Sophia,10/16/1980,619245031,santiago,desarrollo,sophiamoore1980@aso.local,1386.Abcd
F,Anderson,Scarlett,03/19/1984,681837809,ourense,sistemas,scarlettanderson1984@aso.local,1387.Abcd
M,Thomas,Julian,09/02/1984,668322571,ourense,sistemas,julianthomas1984@aso.local,1388.Abcd
F,Williams,Ella,12/18/1999,649088769,ourense,vip,ellawilliams1999@aso.local,1389.Abcd
F,Nelson,Samantha,07/03/1977,693907532,santiago,contabilidad,samanthanelson1977@aso.local,1390.Abcd
F,White,Leah,01/06/1980,641573867,vigo,contabilidad,leahwhite1980@aso.local,1391.Abcd
M,Wilson,Liam,04/27/1984,635105458,santiago,desarrollo,liamwilson1984@aso.local,1392.Abcd
F,Sanchez,Madison,05/15/1999,673947594,santiago,desarrollo,madisonsanchez1999@aso.local,1393.Abcd
F,Smith,Claire,09/12/1981,662453885,vigo,marketing,clairesmith1981@aso.local,1394.Abcd
M,Green,William,10/20/1998,690287638,lugo,contabilidad,williamgreen1998@aso.local,1395.Abcd
F,Jones,Isabella,11/13/1980,656842999,santiago,sistemas,isabellajones1980@aso.local,1396.Abcd
F,Williams,Lillian,09/26/1994,637735735,ourense,desarrollo,lillianwilliams1994@aso.local,1397.Abcd
M,Miller,Aiden,01/12/1987,632550937,lugo,desarrollo,aidenmiller1987@aso.local,1398.Abcd
M,Sanchez,Carter,06/28/1991,683781013,ourense,sistemas,cartersanchez1991@aso.local,1399.Abcd
F,Mitchell,Camila,02/08/1992,613450800,santiago,desarrollo,camilamitchell1992@aso.local,1400.Abcd
F,Garcia,Evelyn,09/24/1974,609140565,lugo,sistemas,evelyngarcia1974@aso.local,1401.Abcd
F,Martinez,Audrey,11/05/1981,600013396,ourense,marketing,audreymartinez1981@aso.local,1402.Abcd
M,Sanchez,Nathan,06/09/1997,624501924,ourense,desarrollo,nathansanchez1997@aso.local,1403.Abcd
M,Adams,Samuel,11/10/1999,646567791,ourense,contabilidad,samueladams1999@aso.local,1404.Abcd
F,Hernandez,Ella,03/23/1997,645728268,santiago,desarrollo,ellahernandez1997@aso.local,1405.Abcd
F,Phillips,Anna,01/26/1971,675944701,vigo,desarrollo,annaphillips1971@aso.local,1406.Abcd
F,Anderson,Leah,12/02/1987,698148568,ourense,contabilidad,leahanderson1987@aso.local,1407.Abcd
F,Hall,Samantha,04/22/1987,670040820,santiago,marketing,samanthahall1987@aso.local,1408.Abcd
M,Perez,Henry,06/08/1978,671837553,ourense,vip,henryperez1978@aso.local,1409.Abcd
M,Roberts,Isaiah,12/18/1990,686453198,vigo,desarrollo,isaiahroberts1990@aso.local,1410.Abcd
F,Thompson,Sofia,09/09/1982,681715549,santiago,vip,sofiathompson1982@aso.local,1411.Abcd
F,Nelson,Samantha,12/05/1993,649900592,vigo,sistemas,samanthanelson1993@aso.local,1412.Abcd
F,Harris,Sophia,04/22/1978,658331690,santiago,desarrollo,sophiaharris1978@aso.local,1413.Abcd
F,Campbell,Grace,02/06/1977,682569767,vigo,sistemas,gracecampbell1977@aso.local,1414.Abcd
F,Sanchez,Gabriella,04/05/1976,664336180,lugo,desarrollo,gabriellasanchez1976@aso.local,1415.Abcd
M,Ezoic,Christopher,11/16/1983,689079596,ourense,vip,christopherezoic1983@aso.local,1416.Abcd
M,Martinez,Liam,06/05/1975,658466733,ourense,sistemas,liammartinez1975@aso.local,1417.Abcd
F,Robinson,Kaylee,06/10/1980,615931146,ourense,sistemas,kayleerobinson1980@aso.local,1418.Abcd
M,Allen,Joseph,09/28/1991,662846221,santiago,desarrollo,josephallen1991@aso.local,1419.Abcd
F,Lewis,Camila,01/30/1979,665542514,santiago,desarrollo,camilalewis1979@aso.local,1420.Abcd
F,Allen,Kaylee,03/08/1999,625229368,santiago,sistemas,kayleeallen1999@aso.local,1421.Abcd
M,Robinson,Gabriel,02/04/1987,617057935,vigo,contabilidad,gabrielrobinson1987@aso.local,1422.Abcd
M,Roberts,Christopher,07/09/1980,619015169,lugo,contabilidad,christopherroberts1980@aso.local,1423.Abcd
M,Evans,John,07/05/1993,638308549,lugo,desarrollo,johnevans1993@aso.local,1424.Abcd
M,Thomas,Liam,07/02/1994,606594219,ourense,desarrollo,liamthomas1994@aso.local,1425.Abcd
M,Miller,Hunter,09/08/1981,649666804,vigo,desarrollo,huntermiller1981@aso.local,1426.Abcd
M,Lopez,Aiden,10/21/1973,678317920,santiago,desarrollo,aidenlopez1973@aso.local,1427.Abcd
M,Scott,Ryan,09/23/1975,697035682,lugo,desarrollo,ryanscott1975@aso.local,1428.Abcd
F,King,Alexis,10/03/1977,615095612,ourense,marketing,alexisking1977@aso.local,1429.Abcd
M,Perez,Jack,11/14/1993,616006433,ourense,desarrollo,jackperez1993@aso.local,1430.Abcd
F,Adams,Hailey,12/15/1979,637840308,lugo,desarrollo,haileyadams1979@aso.local,1431.Abcd
F,Williams,Amelia,07/04/1980,602254766,lugo,desarrollo,ameliawilliams1980@aso.local,1432.Abcd
F,Allen,Brooklyn,10/06/1975,631750924,vigo,desarrollo,brooklynallen1975@aso.local,1433.Abcd
M,Perez,Benjamin,02/25/1980,622394343,lugo,vip,benjaminperez1980@aso.local,1434.Abcd
F,Wilson,Mia,08/30/1995,626484872,santiago,desarrollo,miawilson1995@aso.local,1435.Abcd
M,Rodriguez,Jayden,05/14/1976,698504608,vigo,vip,jaydenrodriguez1976@aso.local,1436.Abcd
M,Moore,Matthew,04/08/1987,670304710,santiago,marketing,matthewmoore1987@aso.local,1437.Abcd
M,Roberts,Liam,07/23/1977,647052721,santiago,desarrollo,liamroberts1977@aso.local,1438.Abcd
M,Evans,Andrew,07/06/1987,687445742,vigo,sistemas,andrewevans1987@aso.local,1439.Abcd
F,King,Harper,05/02/1992,632241169,lugo,contabilidad,harperking1992@aso.local,1440.Abcd
F,Campbell,Allison,10/28/1976,602495012,lugo,desarrollo,allisoncampbell1976@aso.local,1441.Abcd
M,Ezoic,Joseph,12/16/1997,671747275,lugo,sistemas,josephezoic1997@aso.local,1442.Abcd
M,Thompson,John,01/07/1973,602465556,vigo,desarrollo,johnthompson1973@aso.local,1443.Abcd
M,Young,Mason,02/02/1973,602449558,ourense,sistemas,masonyoung1973@aso.local,1444.Abcd
M,Garcia,Ethan,04/02/1984,683545820,ourense,contabilidad,ethangarcia1984@aso.local,1445.Abcd
M,Harris,Isaac,03/13/1971,659723584,santiago,desarrollo,isaacharris1971@aso.local,1446.Abcd
M,Johnson,Andrew,07/22/1979,628845364,ourense,marketing,andrewjohnson1979@aso.local,1447.Abcd
M,Carter,Noah,11/24/1982,640490573,lugo,desarrollo,noahcarter1982@aso.local,1448.Abcd
F,Lee,Emily,12/20/1993,629847393,ourense,desarrollo,emilylee1993@aso.local,1449.Abcd
F,Ezoic,Kaylee,11/19/1982,690682169,lugo,desarrollo,kayleeezoic1982@aso.local,1450.Abcd
F,Taylor,Zoey,01/05/1979,607341280,vigo,desarrollo,zoeytaylor1979@aso.local,1451.Abcd
M,Ezoic,Isaiah,09/10/1982,633885251,lugo,contabilidad,isaiahezoic1982@aso.local,1452.Abcd
F,Lee,Alexis,02/12/1998,659652467,santiago,marketing,alexislee1998@aso.local,1453.Abcd
M,Williams,Andrew,03/01/1987,650373355,lugo,desarrollo,andrewwilliams1987@aso.local,1454.Abcd
F,Jones,Claire,12/17/1999,624135830,ourense,contabilidad,clairejones1999@aso.local,1455.Abcd
F,Phillips,Harper,06/20/1987,602823527,ourense,marketing,harperphillips1987@aso.local,1456.Abcd
M,Lee,Daniel,11/16/1986,612947815,ourense,sistemas,daniellee1986@aso.local,1457.Abcd
F,Carter,Scarlett,07/01/1982,646297733,ourense,desarrollo,scarlettcarter1982@aso.local,1458.Abcd
M,Hill,Samuel,04/10/1977,666631233,santiago,vip,samuelhill1977@aso.local,1459.Abcd
M,King,William,07/03/1986,643210751,santiago,desarrollo,williamking1986@aso.local,1460.Abcd
M,Hall,Eli,08/17/1974,604541335,vigo,sistemas,elihall1974@aso.local,1461.Abcd
M,Evans,Nathan,07/27/1984,644273124,lugo,sistemas,nathanevans1984@aso.local,1462.Abcd
M,Davis,Jackson,09/22/1983,685381672,santiago,desarrollo,jacksondavis1983@aso.local,1463.Abcd
F,Johnson,Savannah,11/07/1974,629261754,ourense,vip,savannahjohnson1974@aso.local,1464.Abcd
M,Hernandez,Isaiah,02/02/1992,674620207,vigo,desarrollo,isaiahhernandez1992@aso.local,1465.Abcd
F,Hall,Layla,06/24/1971,694269594,vigo,desarrollo,laylahall1971@aso.local,1466.Abcd
F,Martin,Zoey,09/13/1996,623910449,santiago,desarrollo,zoeymartin1996@aso.local,1467.Abcd
M,Roberts,Jonathan,02/19/1970,655798991,santiago,desarrollo,jonathanroberts1970@aso.local,1468.Abcd
F,Perez,Avery,07/11/1983,603938695,lugo,vip,averyperez1983@aso.local,1469.Abcd
M,Davis,Joshua,07/06/1977,601203516,ourense,sistemas,joshuadavis1977@aso.local,1470.Abcd
M,Jackson,Isaiah,10/21/1986,657630236,vigo,vip,isaiahjackson1986@aso.local,1471.Abcd
M,Baker,James,07/18/1979,658356999,vigo,desarrollo,jamesbaker1979@aso.local,1472.Abcd
F,Martin,Aria,09/28/1986,626862512,lugo,desarrollo,ariamartin1986@aso.local,1473.Abcd
M,Moore,Landon,08/14/1991,694080225,santiago,desarrollo,landonmoore1991@aso.local,1474.Abcd
M,Baker,Mason,07/07/1998,650598676,vigo,contabilidad,masonbaker1998@aso.local,1475.Abcd
F,Roberts,Leah,03/15/1986,619059897,ourense,desarrollo,leahroberts1986@aso.local,1476.Abcd
M,Evans,Daniel,05/27/1985,656112104,ourense,desarrollo,danielevans1985@aso.local,1477.Abcd
F,Lewis,Layla,01/16/1993,627364761,santiago,desarrollo,laylalewis1993@aso.local,1478.Abcd
F,Jones,Avery,10/14/1982,610291805,ourense,sistemas,averyjones1982@aso.local,1479.Abcd
F,Hall,Hailey,12/08/1971,666126559,ourense,contabilidad,haileyhall1971@aso.local,1480.Abcd
M,Green,Noah,03/25/1989,677199465,vigo,sistemas,noahgreen1989@aso.local,1481.Abcd
M,Nelson,Gabriel,11/21/1995,642637220,lugo,desarrollo,gabrielnelson1995@aso.local,1482.Abcd
F,Allen,Allison,12/07/1995,640631546,santiago,sistemas,allisonallen1995@aso.local,1483.Abcd
M,Martinez,Logan,04/19/1972,670835232,ourense,sistemas,loganmartinez1972@aso.local,1484.Abcd
F,Martin,Hannah,03/08/1979,650792650,santiago,desarrollo,hannahmartin1979@aso.local,1485.Abcd
F,Wright,Kaylee,05/14/1983,662237289,vigo,desarrollo,kayleewright1983@aso.local,1486.Abcd
M,Allen,Anthony,06/30/1992,691931591,vigo,vip,anthonyallen1992@aso.local,1487.Abcd
M,Robinson,Joseph,02/24/1972,679189997,lugo,contabilidad,josephrobinson1972@aso.local,1488.Abcd
F,Rodriguez,Madison,05/19/1985,656600995,santiago,desarrollo,madisonrodriguez1985@aso.local,1489.Abcd
M,Clark,Aiden,06/22/1989,610929029,ourense,desarrollo,aidenclark1989@aso.local,1490.Abcd
F,Wright,Natalie,09/09/1972,643271961,lugo,desarrollo,nataliewright1972@aso.local,1491.Abcd
M,Martinez,Aaron,08/31/1994,660267919,santiago,marketing,aaronmartinez1994@aso.local,1492.Abcd
M,Hall,Carter,02/10/1986,699039653,santiago,desarrollo,carterhall1986@aso.local,1493.Abcd
M,Miller,Luke,01/06/1988,676294231,ourense,sistemas,lukemiller1988@aso.local,1494.Abcd
F,Miller,Olivia,04/07/1974,654679785,santiago,marketing,oliviamiller1974@aso.local,1495.Abcd
F,Hernandez,Savannah,04/04/1996,606697251,vigo,desarrollo,savannahhernandez1996@aso.local,1496.Abcd
M,Jones,Lucas,05/12/1985,637117058,vigo,desarrollo,lucasjones1985@aso.local,1497.Abcd
M,Evans,Samuel,12/21/1970,604433277,ourense,desarrollo,samuelevans1970@aso.local,1498.Abcd
M,White,Isaiah,06/02/1970,643057144,lugo,desarrollo,isaiahwhite1970@aso.local,1499.Abcd
F,Martinez,Mia,05/01/1973,645989458,santiago,desarrollo,miamartinez1973@aso.local,1500.Abcd
F,Carter,Hailey,03/26/1975,695451527,lugo,marketing,haileycarter1975@aso.local,1501.Abcd
F,Smith,Navaeh,09/23/1974,637106090,vigo,desarrollo,navaehsmith1974@aso.local,1502.Abcd
F,Robinson,Abigail,11/25/1985,658247300,vigo,desarrollo,abigailrobinson1985@aso.local,1503.Abcd
F,Wilson,Harper,03/11/1986,621355636,ourense,desarrollo,harperwilson1986@aso.local,1504.Abcd
M,Brown,Logan,09/26/1996,682883584,lugo,desarrollo,loganbrown1996@aso.local,1505.Abcd
M,Davis,Mason,01/15/1973,644401520,santiago,desarrollo,masondavis1973@aso.local,1506.Abcd
F,Clark,Aria,10/10/1978,687867083,vigo,vip,ariaclark1978@aso.local,1507.Abcd
F,Anderson,Leah,10/05/1994,664424758,ourense,marketing,leahanderson1994@aso.local,1508.Abcd
M,Hernandez,David,01/24/1999,627846134,lugo,desarrollo,davidhernandez1999@aso.local,1509.Abcd
M,Baker,Gabriel,01/24/1974,603920631,santiago,sistemas,gabrielbaker1974@aso.local,1510.Abcd
M,Baker,Landon,01/15/1973,642362550,lugo,marketing,landonbaker1973@aso.local,1511.Abcd
M,Martinez,Nathan,10/02/1972,623428212,lugo,desarrollo,nathanmartinez1972@aso.local,1512.Abcd
F,Clark,Savannah,04/01/1997,618033245,vigo,desarrollo,savannahclark1997@aso.local,1513.Abcd
F,Robinson,Aaliyah,02/24/1997,653470012,santiago,sistemas,aaliyahrobinson1997@aso.local,1514.Abcd
M,Hernandez,Levi,12/03/1977,673262151,ourense,marketing,levihernandez1977@aso.local,1515.Abcd
F,Johnson,Leah,03/27/1990,610937866,santiago,sistemas,leahjohnson1990@aso.local,1516.Abcd
M,Robinson,Henry,12/13/1971,645571885,lugo,desarrollo,henryrobinson1971@aso.local,1517.Abcd
F,Anderson,Lillian,04/03/1983,652457342,vigo,desarrollo,lilliananderson1983@aso.local,1518.Abcd
M,Hernandez,Ethan,11/13/1994,698078039,santiago,desarrollo,ethanhernandez1994@aso.local,1519.Abcd
F,Williams,Brooklyn,06/02/1980,633086570,ourense,sistemas,brooklynwilliams1980@aso.local,1520.Abcd
F,Rodriguez,Sophia,04/14/1975,608098018,vigo,vip,sophiarodriguez1975@aso.local,1521.Abcd
M,Brown,Eli,10/12/1984,642925677,lugo,desarrollo,elibrown1984@aso.local,1522.Abcd
M,Gonzalez,Matthew,06/23/1989,611065001,santiago,contabilidad,matthewgonzalez1989@aso.local,1523.Abcd
M,Hernandez,Jack,10/09/1990,655960785,vigo,vip,jackhernandez1990@aso.local,1524.Abcd
F,Mitchell,Audrey,12/03/1977,618047658,santiago,marketing,audreymitchell1977@aso.local,1525.Abcd
M,Campbell,Levi,10/28/1979,639923559,ourense,sistemas,levicampbell1979@aso.local,1526.Abcd
M,Gonzalez,Jack,06/23/1982,661837090,ourense,desarrollo,jackgonzalez1982@aso.local,1527.Abcd
F,Martinez,Riley,12/02/1978,654040126,lugo,desarrollo,rileymartinez1978@aso.local,1528.Abcd
M,Clark,Jack,05/23/1983,640108528,lugo,vip,jackclark1983@aso.local,1529.Abcd
M,Hernandez,Ryan,12/03/1989,620424671,ourense,sistemas,ryanhernandez1989@aso.local,1530.Abcd
F,Perez,Leah,01/27/1984,681146201,ourense,desarrollo,leahperez1984@aso.local,1531.Abcd
M,Ezoic,Hunter,05/05/1971,602613452,vigo,marketing,hunterezoic1971@aso.local,1532.Abcd
M,Lewis,Noah,05/10/1980,683692469,santiago,desarrollo,noahlewis1980@aso.local,1533.Abcd
M,Johnson,Eli,03/04/1980,657992545,santiago,sistemas,elijohnson1980@aso.local,1534.Abcd
F,Hall,Lillian,09/03/1996,678385073,santiago,sistemas,lillianhall1996@aso.local,1535.Abcd
M,Davis,Isaiah,11/16/1988,635100970,ourense,sistemas,isaiahdavis1988@aso.local,1536.Abcd
M,Gonzalez,Joseph,07/27/1974,672242588,santiago,desarrollo,josephgonzalez1974@aso.local,1537.Abcd
F,Phillips,Amelia,01/21/1990,645776093,vigo,contabilidad,ameliaphillips1990@aso.local,1538.Abcd
M,Smith,Wyatt,07/06/1999,673661259,vigo,desarrollo,wyattsmith1999@aso.local,1539.Abcd
F,Brown,Amelia,01/06/1973,619983357,santiago,contabilidad,ameliabrown1973@aso.local,1540.Abcd
M,Taylor,Nathan,11/06/1984,680280796,vigo,contabilidad,nathantaylor1984@aso.local,1541.Abcd
F,Smith,Audrey,03/11/1993,650889577,ourense,desarrollo,audreysmith1993@aso.local,1542.Abcd
F,Allen,Victoria,09/16/1983,647874205,ourense,marketing,victoriaallen1983@aso.local,1543.Abcd
F,Garcia,Samantha,01/07/1978,640327673,lugo,contabilidad,samanthagarcia1978@aso.local,1544.Abcd
M,Thompson,Aaron,10/13/1988,656930068,vigo,desarrollo,aaronthompson1988@aso.local,1545.Abcd
F,Hill,Chloe,08/28/1991,662090474,vigo,desarrollo,chloehill1991@aso.local,1546.Abcd
F,Jones,Navaeh,10/29/1978,642042497,ourense,desarrollo,navaehjones1978@aso.local,1547.Abcd
M,Davis,James,07/31/1986,609952795,lugo,desarrollo,jamesdavis1986@aso.local,1548.Abcd
F,Lee,Harper,12/04/1979,692205083,ourense,desarrollo,harperlee1979@aso.local,1549.Abcd
F,Adams,Camila,07/29/1986,635189317,ourense,contabilidad,camilaadams1986@aso.local,1550.Abcd
M,Davis,Joshua,03/01/1988,674287338,lugo,desarrollo,joshuadavis1988@aso.local,1551.Abcd
F,Davis,Emma,03/08/1972,658768907,vigo,marketing,emmadavis1972@aso.local,1552.Abcd
F,Moore,Harper,02/18/1991,688392937,santiago,marketing,harpermoore1991@aso.local,1553.Abcd
F,Hill,Isabella,11/21/1984,634952799,ourense,desarrollo,isabellahill1984@aso.local,1554.Abcd
F,Sanchez,Kaylee,08/10/1997,679233727,ourense,marketing,kayleesanchez1997@aso.local,1555.Abcd
M,White,Henry,11/17/1971,692776166,lugo,sistemas,henrywhite1971@aso.local,1556.Abcd
F,Green,Brooklyn,08/16/1971,651591265,santiago,sistemas,brooklyngreen1971@aso.local,1557.Abcd
M,Allen,Noah,09/28/1978,682518171,ourense,contabilidad,noahallen1978@aso.local,1558.Abcd
M,Smith,Liam,03/25/1985,645533116,vigo,contabilidad,liamsmith1985@aso.local,1559.Abcd
M,Johnson,Lucas,07/08/1977,622499659,ourense,desarrollo,lucasjohnson1977@aso.local,1560.Abcd
M,Campbell,Jayden,01/01/1984,648260813,santiago,desarrollo,jaydencampbell1984@aso.local,1561.Abcd
F,Rodriguez,Brooklyn,05/14/1981,666012763,ourense,marketing,brooklynrodriguez1981@aso.local,1562.Abcd
F,Jackson,Olivia,07/23/1978,679706253,santiago,marketing,oliviajackson1978@aso.local,1563.Abcd
F,Hernandez,Sofia,11/20/1980,625649078,ourense,desarrollo,sofiahernandez1980@aso.local,1564.Abcd
M,Hill,Liam,03/01/1994,654684677,ourense,sistemas,liamhill1994@aso.local,1565.Abcd
F,Sanchez,Alexa,10/10/1997,626296007,santiago,desarrollo,alexasanchez1997@aso.local,1566.Abcd
M,Taylor,Jackson,08/07/1983,623489849,vigo,desarrollo,jacksontaylor1983@aso.local,1567.Abcd
F,Martinez,Abigail,04/02/1999,655530350,vigo,desarrollo,abigailmartinez1999@aso.local,1568.Abcd
M,Phillips,Daniel,08/14/1994,699402108,ourense,vip,danielphillips1994@aso.local,1569.Abcd
M,Lewis,Lucas,04/21/1995,634455269,lugo,marketing,lucaslewis1995@aso.local,1570.Abcd
M,Smith,Michael,05/23/1988,637819546,lugo,desarrollo,michaelsmith1988@aso.local,1571.Abcd
M,Smith,Jayden,04/07/1983,665858326,lugo,sistemas,jaydensmith1983@aso.local,1572.Abcd
F,Walker,Alexis,11/07/1995,652490092,lugo,vip,alexiswalker1995@aso.local,1573.Abcd
F,Taylor,Evelyn,07/11/1991,633771475,santiago,sistemas,evelyntaylor1991@aso.local,1574.Abcd
F,Anderson,Victoria,07/20/1998,691917225,santiago,sistemas,victoriaanderson1998@aso.local,1575.Abcd
F,Hernandez,Claire,04/19/1987,630115620,santiago,desarrollo,clairehernandez1987@aso.local,1576.Abcd
F,Ezoic,Abigail,12/29/1992,691700152,ourense,sistemas,abigailezoic1992@aso.local,1577.Abcd
M,Smith,Sebastian,08/14/1996,699657652,santiago,contabilidad,sebastiansmith1996@aso.local,1578.Abcd
F,Nelson,Sarah,04/25/1970,659673986,lugo,contabilidad,sarahnelson1970@aso.local,1579.Abcd
M,Turner,Ryan,12/05/1973,681774902,lugo,desarrollo,ryanturner1973@aso.local,1580.Abcd
F,Williams,Avery,08/04/1987,661439368,santiago,desarrollo,averywilliams1987@aso.local,1581.Abcd
F,Williams,Isabella,03/13/1977,663542377,lugo,contabilidad,isabellawilliams1977@aso.local,1582.Abcd
M,Clark,Aaron,11/08/1975,679787472,ourense,desarrollo,aaronclark1975@aso.local,1583.Abcd
M,Lopez,Levi,10/26/1999,611228932,vigo,desarrollo,levilopez1999@aso.local,1584.Abcd
M,Adams,Christopher,03/04/1976,694431193,santiago,desarrollo,christopheradams1976@aso.local,1585.Abcd
M,Campbell,William,11/01/1993,643889167,lugo,marketing,williamcampbell1993@aso.local,1586.Abcd
F,Martinez,Evelyn,07/29/1980,677529666,ourense,desarrollo,evelynmartinez1980@aso.local,1587.Abcd
F,Hall,Samantha,08/02/1991,619682369,lugo,sistemas,samanthahall1991@aso.local,1588.Abcd
F,Jones,Chloe,07/09/1992,625178847,santiago,desarrollo,chloejones1992@aso.local,1589.Abcd
M,Hill,Noah,12/28/1993,696244251,ourense,desarrollo,noahhill1993@aso.local,1590.Abcd
F,Allen,Savannah,03/19/1985,655802524,ourense,contabilidad,savannahallen1985@aso.local,1591.Abcd
M,Phillips,Eli,07/17/1990,659533318,lugo,desarrollo,eliphillips1990@aso.local,1592.Abcd
M,White,Jackson,12/20/1979,627644205,vigo,desarrollo,jacksonwhite1979@aso.local,1593.Abcd
M,Lewis,Julian,07/21/1983,674170349,lugo,desarrollo,julianlewis1983@aso.local,1594.Abcd
M,Roberts,Jayden,09/09/1994,651672552,ourense,desarrollo,jaydenroberts1994@aso.local,1595.Abcd
M,Nelson,Jack,09/27/1983,684284047,santiago,desarrollo,jacknelson1983@aso.local,1596.Abcd
M,Johnson,Nathan,05/28/1985,647206834,vigo,sistemas,nathanjohnson1985@aso.local,1597.Abcd
F,Turner,Layla,06/02/1998,618761964,ourense,contabilidad,laylaturner1998@aso.local,1598.Abcd
M,Lewis,Jayden,01/22/1999,631414572,santiago,vip,jaydenlewis1999@aso.local,1599.Abcd
F,Williams,Hannah,08/05/1971,637022449,vigo,desarrollo,hannahwilliams1971@aso.local,1600.Abcd
F,Roberts,Avery,04/19/1991,665514184,santiago,sistemas,averyroberts1991@aso.local,1601.Abcd
F,Taylor,Zoey,09/23/1998,639345604,santiago,desarrollo,zoeytaylor1998@aso.local,1602.Abcd
F,Perez,Aria,10/20/1978,623542744,ourense,desarrollo,ariaperez1978@aso.local,1603.Abcd
F,Lewis,Amelia,05/15/1996,681031866,lugo,contabilidad,amelialewis1996@aso.local,1604.Abcd
F,Wilson,Aaliyah,12/11/1970,641520086,santiago,sistemas,aaliyahwilson1970@aso.local,1605.Abcd
F,Nelson,Ella,01/18/1974,646678103,vigo,sistemas,ellanelson1974@aso.local,1606.Abcd
F,Lopez,Olivia,09/22/1987,668239975,santiago,sistemas,olivialopez1987@aso.local,1607.Abcd
M,Evans,Jacob,01/11/1997,606351695,lugo,desarrollo,jacobevans1997@aso.local,1608.Abcd
M,Robinson,Daniel,03/22/1980,662606192,santiago,vip,danielrobinson1980@aso.local,1609.Abcd
F,Young,Olivia,08/31/1992,617595867,santiago,contabilidad,oliviayoung1992@aso.local,1610.Abcd
M,Anderson,William,12/04/1997,678410522,ourense,sistemas,williamanderson1997@aso.local,1611.Abcd
M,Scott,Elijah,02/21/1974,646322565,lugo,desarrollo,elijahscott1974@aso.local,1612.Abcd
M,White,Lucas,04/08/1999,655468891,santiago,marketing,lucaswhite1999@aso.local,1613.Abcd
F,Rodriguez,Zoey,11/11/1988,690574839,santiago,desarrollo,zoeyrodriguez1988@aso.local,1614.Abcd
F,Young,Leah,01/08/1987,600871474,lugo,vip,leahyoung1987@aso.local,1615.Abcd
M,Thompson,Julian,10/03/1995,640249895,vigo,desarrollo,julianthompson1995@aso.local,1616.Abcd
M,Smith,Luke,03/25/1990,697849869,vigo,desarrollo,lukesmith1990@aso.local,1617.Abcd
F,Campbell,Emma,04/25/1996,677967758,santiago,sistemas,emmacampbell1996@aso.local,1618.Abcd
F,Martinez,Audrey,09/28/1971,624309675,lugo,desarrollo,audreymartinez1971@aso.local,1619.Abcd
F,Jackson,Audrey,07/12/1981,604556267,lugo,contabilidad,audreyjackson1981@aso.local,1620.Abcd
M,Robinson,Jacob,02/16/1996,696325283,lugo,desarrollo,jacobrobinson1996@aso.local,1621.Abcd
F,Rodriguez,Grace,02/11/1997,673617004,lugo,desarrollo,gracerodriguez1997@aso.local,1622.Abcd
M,Roberts,Joseph,11/14/1980,687766813,vigo,sistemas,josephroberts1980@aso.local,1623.Abcd
M,Rodriguez,Jayden,08/24/1993,600508259,vigo,sistemas,jaydenrodriguez1993@aso.local,1624.Abcd
F,Allen,Sofia,05/09/1995,664521503,vigo,vip,sofiaallen1995@aso.local,1625.Abcd
M,Martin,Levi,12/30/1996,627303681,ourense,contabilidad,levimartin1996@aso.local,1626.Abcd
F,Adams,Sofia,11/04/1979,624913230,lugo,desarrollo,sofiaadams1979@aso.local,1627.Abcd
M,Sanchez,Luke,11/28/1997,654726527,lugo,marketing,lukesanchez1997@aso.local,1628.Abcd
F,Hill,Emma,06/17/1998,691214236,vigo,marketing,emmahill1998@aso.local,1629.Abcd
M,Phillips,Noah,03/31/1989,608128774,lugo,desarrollo,noahphillips1989@aso.local,1630.Abcd
M,Smith,Owen,12/18/1993,615111015,vigo,desarrollo,owensmith1993@aso.local,1631.Abcd
M,Sanchez,John,04/09/1986,672006624,lugo,marketing,johnsanchez1986@aso.local,1632.Abcd
F,Sanchez,Alexa,11/21/1987,617884182,ourense,marketing,alexasanchez1987@aso.local,1633.Abcd
M,Jones,John,05/03/1981,614614376,ourense,marketing,johnjones1981@aso.local,1634.Abcd
M,Wright,Andrew,09/19/1973,607562353,vigo,desarrollo,andrewwright1973@aso.local,1635.Abcd
M,Garcia,Jayden,05/09/1981,603823124,vigo,desarrollo,jaydengarcia1981@aso.local,1636.Abcd
M,Perez,Oliver,05/23/1986,634655196,vigo,desarrollo,oliverperez1986@aso.local,1637.Abcd
M,Thompson,Matthew,02/08/1978,650025318,ourense,desarrollo,matthewthompson1978@aso.local,1638.Abcd
M,Miller,Noah,08/21/1976,624100500,vigo,desarrollo,noahmiller1976@aso.local,1639.Abcd
F,Taylor,Riley,10/07/1985,646988139,ourense,sistemas,rileytaylor1985@aso.local,1640.Abcd
M,Turner,Luke,10/25/1970,622475792,santiago,sistemas,luketurner1970@aso.local,1641.Abcd
M,Williams,Jayden,10/17/1994,646595507,lugo,desarrollo,jaydenwilliams1994@aso.local,1642.Abcd
M,Green,Wyatt,04/01/1982,616362410,vigo,desarrollo,wyattgreen1982@aso.local,1643.Abcd
F,Williams,Avery,09/19/1991,645832120,lugo,desarrollo,averywilliams1991@aso.local,1644.Abcd
M,Martin,Eli,04/19/1992,664438537,lugo,desarrollo,elimartin1992@aso.local,1645.Abcd
M,Anderson,Jacob,08/16/1992,625093523,lugo,desarrollo,jacobanderson1992@aso.local,1646.Abcd
M,Williams,Joseph,05/26/1983,609855315,lugo,desarrollo,josephwilliams1983@aso.local,1647.Abcd
M,Ezoic,Jayden,09/09/1992,691632132,santiago,marketing,jaydenezoic1992@aso.local,1648.Abcd
M,Lewis,John,05/02/1974,674245201,ourense,sistemas,johnlewis1974@aso.local,1649.Abcd
F,Miller,Anna,01/25/1997,618105560,ourense,marketing,annamiller1997@aso.local,1650.Abcd
M,Johnson,Luke,02/10/1970,622740832,santiago,desarrollo,lukejohnson1970@aso.local,1651.Abcd
F,Lewis,Claire,04/28/1979,651997974,santiago,desarrollo,clairelewis1979@aso.local,1652.Abcd
M,Rodriguez,Julian,09/27/1973,627251943,santiago,desarrollo,julianrodriguez1973@aso.local,1653.Abcd
M,Jackson,Andrew,08/30/1989,669095949,ourense,marketing,andrewjackson1989@aso.local,1654.Abcd
M,Young,Carter,04/23/1998,662918300,vigo,vip,carteryoung1998@aso.local,1655.Abcd
M,Carter,Luke,01/12/1991,610278517,lugo,desarrollo,lukecarter1991@aso.local,1656.Abcd
F,Hernandez,Allison,07/31/1997,696642650,santiago,desarrollo,allisonhernandez1997@aso.local,1657.Abcd
F,Smith,Elizabeth,07/17/1995,668859821,vigo,desarrollo,elizabethsmith1995@aso.local,1658.Abcd
F,Allen,Elizabeth,01/07/1998,636676828,ourense,marketing,elizabethallen1998@aso.local,1659.Abcd
F,Harris,Lillian,01/26/1990,682908737,santiago,desarrollo,lillianharris1990@aso.local,1660.Abcd
F,Rodriguez,Anna,01/27/1976,680005054,vigo,marketing,annarodriguez1976@aso.local,1661.Abcd
M,Harris,Jacob,06/10/1994,623701982,ourense,desarrollo,jacobharris1994@aso.local,1662.Abcd
M,Davis,Isaac,02/03/1982,665629716,santiago,desarrollo,isaacdavis1982@aso.local,1663.Abcd
M,Clark,Joshua,01/13/1970,628686620,santiago,desarrollo,joshuaclark1970@aso.local,1664.Abcd
M,Jones,Isaac,12/11/1997,689726583,vigo,sistemas,isaacjones1997@aso.local,1665.Abcd
M,Mitchell,Joshua,12/16/1983,695463678,santiago,sistemas,joshuamitchell1983@aso.local,1666.Abcd
M,Gonzalez,James,05/06/1981,654524387,lugo,vip,jamesgonzalez1981@aso.local,1667.Abcd
M,Scott,Matthew,12/10/1998,609906095,ourense,sistemas,matthewscott1998@aso.local,1668.Abcd
M,Scott,Noah,04/08/1972,633699646,vigo,marketing,noahscott1972@aso.local,1669.Abcd
F,Evans,Alexis,04/17/1971,632438547,santiago,desarrollo,alexisevans1971@aso.local,1670.Abcd
F,Smith,Emily,12/09/1978,632884143,ourense,contabilidad,emilysmith1978@aso.local,1671.Abcd
M,Brown,Alexander,01/03/1974,645872614,santiago,sistemas,alexanderbrown1974@aso.local,1672.Abcd
F,Garcia,Alexa,07/17/1998,677470384,santiago,contabilidad,alexagarcia1998@aso.local,1673.Abcd
F,Wilson,Leah,12/18/1992,635284071,lugo,contabilidad,leahwilson1992@aso.local,1674.Abcd
F,Adams,Allison,04/25/1989,621403843,ourense,sistemas,allisonadams1989@aso.local,1675.Abcd
M,Mitchell,Ethan,11/17/1982,642189772,vigo,desarrollo,ethanmitchell1982@aso.local,1676.Abcd
M,Mitchell,Oliver,05/13/1988,622901808,lugo,desarrollo,olivermitchell1988@aso.local,1677.Abcd
F,Clark,Victoria,10/28/1976,690834661,ourense,desarrollo,victoriaclark1976@aso.local,1678.Abcd
F,Hill,Kaylee,05/04/1985,635925199,lugo,contabilidad,kayleehill1985@aso.local,1679.Abcd
M,Baker,Caleb,08/11/1989,654329407,ourense,contabilidad,calebbaker1989@aso.local,1680.Abcd
F,Carter,Lillian,04/30/1976,626870848,vigo,sistemas,lilliancarter1976@aso.local,1681.Abcd
F,Roberts,Sarah,08/23/1992,667309542,santiago,contabilidad,sarahroberts1992@aso.local,1682.Abcd
M,Taylor,Ryan,02/22/1999,654313589,ourense,vip,ryantaylor1999@aso.local,1683.Abcd
F,Smith,Brooklyn,05/20/1986,624337766,ourense,sistemas,brooklynsmith1986@aso.local,1684.Abcd
F,Carter,Audrey,11/15/1997,650565737,vigo,marketing,audreycarter1997@aso.local,1685.Abcd
M,Taylor,John,07/24/1979,671783265,vigo,desarrollo,johntaylor1979@aso.local,1686.Abcd
F,Hall,Charlotte,09/25/1975,642380694,vigo,sistemas,charlottehall1975@aso.local,1687.Abcd
M,Thomas,Joshua,09/14/1982,646583478,santiago,sistemas,joshuathomas1982@aso.local,1688.Abcd
F,Garcia,Anna,10/20/1988,665523165,lugo,desarrollo,annagarcia1988@aso.local,1689.Abcd
M,Sanchez,Joshua,10/23/1974,662214846,ourense,contabilidad,joshuasanchez1974@aso.local,1690.Abcd
F,Campbell,Addison,07/05/1987,652501096,santiago,contabilidad,addisoncampbell1987@aso.local,1691.Abcd
M,Mitchell,John,08/02/1982,647755450,lugo,vip,johnmitchell1982@aso.local,1692.Abcd
F,Clark,Isabella,09/20/1975,688415905,lugo,vip,isabellaclark1975@aso.local,1693.Abcd
F,Gonzalez,Sofia,01/11/1981,623808821,santiago,sistemas,sofiagonzalez1981@aso.local,1694.Abcd
M,Baker,Jackson,09/03/1974,686436182,lugo,sistemas,jacksonbaker1974@aso.local,1695.Abcd
M,King,Jackson,08/25/1978,659645713,ourense,marketing,jacksonking1978@aso.local,1696.Abcd
M,Evans,Dylan,06/02/1995,615599534,ourense,contabilidad,dylanevans1995@aso.local,1697.Abcd
M,Green,Lucas,07/26/1980,602102975,lugo,desarrollo,lucasgreen1980@aso.local,1698.Abcd
F,Carter,Emily,05/29/1970,656201786,vigo,desarrollo,emilycarter1970@aso.local,1699.Abcd
F,Roberts,Emily,01/03/1970,632702030,santiago,sistemas,emilyroberts1970@aso.local,1700.Abcd
F,Miller,Allison,06/26/1994,648402260,ourense,contabilidad,allisonmiller1994@aso.local,1701.Abcd
F,Thomas,Sarah,10/11/1977,675026341,ourense,desarrollo,sarahthomas1977@aso.local,1702.Abcd
M,Turner,Joshua,12/29/1995,617947131,lugo,vip,joshuaturner1995@aso.local,1703.Abcd
F,Thomas,Abigail,08/28/1988,630784133,santiago,desarrollo,abigailthomas1988@aso.local,1704.Abcd
F,Jones,Emma,12/02/1982,649392273,ourense,sistemas,emmajones1982@aso.local,1705.Abcd
M,Robinson,Aaron,07/14/1977,625035111,vigo,desarrollo,aaronrobinson1977@aso.local,1706.Abcd
F,King,Claire,05/28/1986,634518677,ourense,desarrollo,claireking1986@aso.local,1707.Abcd
M,Wright,Landon,09/21/1995,622138348,ourense,desarrollo,landonwright1995@aso.local,1708.Abcd
F,Miller,Aubrey,06/21/1975,610030955,vigo,desarrollo,aubreymiller1975@aso.local,1709.Abcd
M,Moore,Jacob,02/08/1997,686372247,vigo,desarrollo,jacobmoore1997@aso.local,1710.Abcd
M,Turner,Dylan,09/23/1976,665566022,ourense,desarrollo,dylanturner1976@aso.local,1711.Abcd
F,Thompson,Layla,03/16/1987,655529386,vigo,sistemas,laylathompson1987@aso.local,1712.Abcd
F,Rodriguez,Aria,04/17/1982,686729826,lugo,desarrollo,ariarodriguez1982@aso.local,1713.Abcd
M,Hernandez,Isaac,10/12/1994,650578364,lugo,vip,isaachernandez1994@aso.local,1714.Abcd
M,Evans,Landon,03/01/1997,662229147,vigo,vip,landonevans1997@aso.local,1715.Abcd
F,Williams,Samantha,07/29/1970,611250516,santiago,marketing,samanthawilliams1970@aso.local,1716.Abcd
F,Harris,Victoria,03/14/1979,647521072,santiago,sistemas,victoriaharris1979@aso.local,1717.Abcd
F,Moore,Anna,04/05/1996,666763998,ourense,marketing,annamoore1996@aso.local,1718.Abcd
M,Taylor,Luke,12/01/1992,610504851,ourense,desarrollo,luketaylor1992@aso.local,1719.Abcd
M,Jones,Eli,02/22/1979,676271964,ourense,sistemas,elijones1979@aso.local,1720.Abcd
M,Thomas,Anthony,01/28/1983,698159537,ourense,sistemas,anthonythomas1983@aso.local,1721.Abcd
F,Clark,Gabriella,02/23/1976,608578033,lugo,vip,gabriellaclark1976@aso.local,1722.Abcd
F,Phillips,Audrey,05/05/1972,609041595,ourense,sistemas,audreyphillips1972@aso.local,1723.Abcd
F,Harris,Madison,06/28/1983,619380953,santiago,sistemas,madisonharris1983@aso.local,1724.Abcd
F,Ezoic,Alexa,09/08/1992,688023791,ourense,desarrollo,alexaezoic1992@aso.local,1725.Abcd
F,Adams,Grace,10/28/1975,687621490,ourense,desarrollo,graceadams1975@aso.local,1726.Abcd
M,Mitchell,Julian,09/03/1996,670554556,vigo,desarrollo,julianmitchell1996@aso.local,1727.Abcd
F,Wright,Leah,08/25/1988,613228575,ourense,desarrollo,leahwright1988@aso.local,1728.Abcd
M,Clark,Aaron,03/21/1971,696824765,vigo,desarrollo,aaronclark1971@aso.local,1729.Abcd
F,Davis,Allison,09/15/1986,630063329,santiago,contabilidad,allisondavis1986@aso.local,1730.Abcd
M,Garcia,Noah,04/04/1971,603492356,lugo,vip,noahgarcia1971@aso.local,1731.Abcd
F,Adams,Audrey,03/07/1980,624590178,vigo,contabilidad,audreyadams1980@aso.local,1732.Abcd
M,Hill,Aaron,10/23/1974,639468957,lugo,desarrollo,aaronhill1974@aso.local,1733.Abcd
F,Baker,Isabella,01/22/1978,649575719,ourense,marketing,isabellabaker1978@aso.local,1734.Abcd
F,Walker,Aaliyah,05/08/1972,611888374,lugo,desarrollo,aaliyahwalker1972@aso.local,1735.Abcd
F,White,Lily,03/19/1982,614286626,lugo,desarrollo,lilywhite1982@aso.local,1736.Abcd
F,Williams,Olivia,12/20/1970,612097837,ourense,desarrollo,oliviawilliams1970@aso.local,1737.Abcd
M,King,Christian,05/11/1981,674513424,ourense,sistemas,christianking1981@aso.local,1738.Abcd
M,Scott,Logan,08/06/1990,683231162,vigo,sistemas,loganscott1990@aso.local,1739.Abcd
F,Garcia,Madison,04/24/1970,613830415,santiago,desarrollo,madisongarcia1970@aso.local,1740.Abcd
M,Green,Logan,05/08/1998,611892525,vigo,sistemas,logangreen1998@aso.local,1741.Abcd
F,Mitchell,Layla,04/15/1998,661765613,lugo,sistemas,laylamitchell1998@aso.local,1742.Abcd
F,Williams,Natalie,03/30/1983,690872407,lugo,contabilidad,nataliewilliams1983@aso.local,1743.Abcd
M,Williams,Jackson,01/03/1977,616729343,santiago,desarrollo,jacksonwilliams1977@aso.local,1744.Abcd
M,Harris,Isaac,01/26/1992,658885974,lugo,desarrollo,isaacharris1992@aso.local,1745.Abcd
F,Nelson,Hannah,03/01/1989,602815724,vigo,contabilidad,hannahnelson1989@aso.local,1746.Abcd
M,Gonzalez,William,10/31/1985,616148896,vigo,contabilidad,williamgonzalez1985@aso.local,1747.Abcd
M,Martin,Samuel,02/03/1997,658809455,vigo,desarrollo,samuelmartin1997@aso.local,1748.Abcd
F,Ezoic,Madison,04/14/1979,691699806,santiago,desarrollo,madisonezoic1979@aso.local,1749.Abcd
M,Harris,Dylan,06/08/1980,600514152,vigo,desarrollo,dylanharris1980@aso.local,1750.Abcd
F,Thomas,Scarlett,12/04/1984,636219381,ourense,marketing,scarlettthomas1984@aso.local,1751.Abcd
M,Clark,Isaac,07/24/1988,608334400,vigo,desarrollo,isaacclark1988@aso.local,1752.Abcd
M,Williams,Michael,11/24/1977,616338474,lugo,desarrollo,michaelwilliams1977@aso.local,1753.Abcd
M,Thompson,Michael,09/20/1996,688213497,ourense,desarrollo,michaelthompson1996@aso.local,1754.Abcd
F,Johnson,Sofia,04/19/1994,673269233,lugo,desarrollo,sofiajohnson1994@aso.local,1755.Abcd
F,Baker,Sofia,06/14/1980,681705848,vigo,desarrollo,sofiabaker1980@aso.local,1756.Abcd
F,Harris,Anna,12/02/1983,637366916,lugo,desarrollo,annaharris1983@aso.local,1757.Abcd
F,Walker,Gabriella,09/30/1982,630214721,ourense,desarrollo,gabriellawalker1982@aso.local,1758.Abcd
M,Nelson,John,09/19/1994,653936524,ourense,sistemas,johnnelson1994@aso.local,1759.Abcd
M,Brown,James,05/30/1997,687387785,lugo,desarrollo,jamesbrown1997@aso.local,1760.Abcd
M,Taylor,Alexander,03/17/1985,691975242,lugo,desarrollo,alexandertaylor1985@aso.local,1761.Abcd
F,Wright,Scarlett,08/02/1995,609527322,vigo,vip,scarlettwright1995@aso.local,1762.Abcd
M,Smith,Isaiah,08/22/1977,604982335,lugo,sistemas,isaiahsmith1977@aso.local,1763.Abcd
M,Smith,Benjamin,07/20/1979,602304267,lugo,marketing,benjaminsmith1979@aso.local,1764.Abcd
F,Robinson,Anna,10/19/1974,666995353,santiago,sistemas,annarobinson1974@aso.local,1765.Abcd
F,Robinson,Sarah,07/04/1978,668456656,vigo,contabilidad,sarahrobinson1978@aso.local,1766.Abcd
F,Wright,Emma,02/28/1982,672437556,ourense,contabilidad,emmawright1982@aso.local,1767.Abcd
M,Johnson,Aiden,04/27/1976,645643758,ourense,desarrollo,aidenjohnson1976@aso.local,1768.Abcd
M,Thomas,Lucas,11/11/1972,615218032,vigo,sistemas,lucasthomas1972@aso.local,1769.Abcd
M,Lewis,Ethan,04/06/1999,664585102,vigo,marketing,ethanlewis1999@aso.local,1770.Abcd
F,Davis,Hannah,01/07/1974,623240455,lugo,desarrollo,hannahdavis1974@aso.local,1771.Abcd
M,Wilson,Logan,08/21/1983,666377660,ourense,marketing,loganwilson1983@aso.local,1772.Abcd
F,Lewis,Aaliyah,08/07/1989,672876493,vigo,desarrollo,aaliyahlewis1989@aso.local,1773.Abcd
M,Brown,James,06/28/1971,609661855,vigo,marketing,jamesbrown1971@aso.local,1774.Abcd
F,Phillips,Savannah,11/20/1998,606929650,vigo,desarrollo,savannahphillips1998@aso.local,1775.Abcd
M,Taylor,Joseph,04/27/1994,608231519,vigo,sistemas,josephtaylor1994@aso.local,1776.Abcd
M,Scott,Aiden,11/20/1982,695300579,ourense,desarrollo,aidenscott1982@aso.local,1777.Abcd
M,Lewis,Liam,08/04/1983,628738622,lugo,desarrollo,liamlewis1983@aso.local,1778.Abcd
M,Evans,Samuel,02/01/1987,669294686,lugo,desarrollo,samuelevans1987@aso.local,1779.Abcd
M,Garcia,Aaron,08/19/1972,627418307,lugo,desarrollo,aarongarcia1972@aso.local,1780.Abcd
F,Miller,Natalie,07/12/1999,607590127,santiago,vip,nataliemiller1999@aso.local,1781.Abcd
M,Turner,Lucas,07/30/1988,664855107,santiago,desarrollo,lucasturner1988@aso.local,1782.Abcd
F,Harris,Scarlett,11/26/1990,683577174,vigo,desarrollo,scarlettharris1990@aso.local,1783.Abcd
M,Evans,Isaiah,02/12/1972,612926727,lugo,desarrollo,isaiahevans1972@aso.local,1784.Abcd
M,Carter,Isaac,01/28/1976,635138432,vigo,contabilidad,isaaccarter1976@aso.local,1785.Abcd
M,Campbell,Mason,01/31/1970,695594178,lugo,vip,masoncampbell1970@aso.local,1786.Abcd
F,White,Leah,08/28/1994,687148508,vigo,sistemas,leahwhite1994@aso.local,1787.Abcd
F,Hill,Aaliyah,06/17/1976,684590914,santiago,sistemas,aaliyahhill1976@aso.local,1788.Abcd
F,Thomas,Harper,03/20/1980,612375980,ourense,desarrollo,harperthomas1980@aso.local,1789.Abcd
M,Clark,David,12/15/1997,674125953,lugo,desarrollo,davidclark1997@aso.local,1790.Abcd
F,Harris,Sarah,10/24/1989,605628193,ourense,desarrollo,sarahharris1989@aso.local,1791.Abcd
F,Rodriguez,Amelia,08/28/1985,676755480,vigo,desarrollo,ameliarodriguez1985@aso.local,1792.Abcd
M,Adams,Landon,01/16/1995,615364114,ourense,sistemas,landonadams1995@aso.local,1793.Abcd
F,King,Sofia,04/15/1990,628541841,santiago,marketing,sofiaking1990@aso.local,1794.Abcd
F,Smith,Amelia,08/19/1992,600698053,lugo,contabilidad,ameliasmith1992@aso.local,1795.Abcd
M,Walker,Jayden,06/13/1991,636460980,santiago,desarrollo,jaydenwalker1991@aso.local,1796.Abcd
F,King,Camila,03/06/1992,693746128,santiago,desarrollo,camilaking1992@aso.local,1797.Abcd
M,Sanchez,Matthew,10/31/1973,694058199,vigo,vip,matthewsanchez1973@aso.local,1798.Abcd
F,Baker,Zoey,08/08/1987,663377191,santiago,desarrollo,zoeybaker1987@aso.local,1799.Abcd
F,Phillips,Savannah,12/26/1975,622367817,vigo,desarrollo,savannahphillips1975@aso.local,1800.Abcd
F,Martin,Amelia,04/15/1972,633819104,santiago,contabilidad,ameliamartin1972@aso.local,1801.Abcd
F,Martin,Gabriella,02/04/1993,615973128,lugo,desarrollo,gabriellamartin1993@aso.local,1802.Abcd
M,Thomas,Ethan,03/27/1971,636519093,vigo,contabilidad,ethanthomas1971@aso.local,1803.Abcd
F,Miller,Madison,10/04/1970,689932453,vigo,sistemas,madisonmiller1970@aso.local,1804.Abcd
F,Campbell,Samantha,01/16/1981,677336709,ourense,sistemas,samanthacampbell1981@aso.local,1805.Abcd
M,Hall,Jonathan,11/09/1972,651253654,ourense,vip,jonathanhall1972@aso.local,1806.Abcd
M,Clark,Anthony,07/30/1982,627400088,ourense,desarrollo,anthonyclark1982@aso.local,1807.Abcd
F,Campbell,Brooklyn,01/22/1982,619330142,vigo,vip,brooklyncampbell1982@aso.local,1808.Abcd
M,Walker,Noah,05/29/1991,672464222,lugo,sistemas,noahwalker1991@aso.local,1809.Abcd
F,Evans,Alexa,06/02/1986,649325573,vigo,desarrollo,alexaevans1986@aso.local,1810.Abcd
F,Clark,Hailey,06/25/1996,628900061,santiago,marketing,haileyclark1996@aso.local,1811.Abcd
F,Allen,Madison,09/22/1970,691975231,santiago,desarrollo,madisonallen1970@aso.local,1812.Abcd
F,Smith,Madison,03/26/1975,672528551,santiago,desarrollo,madisonsmith1975@aso.local,1813.Abcd
F,Campbell,Samantha,11/22/1997,652416978,ourense,vip,samanthacampbell1997@aso.local,1814.Abcd
M,Jackson,Daniel,01/05/1982,673685232,santiago,desarrollo,danieljackson1982@aso.local,1815.Abcd
F,Smith,Hannah,03/26/1987,635049970,lugo,desarrollo,hannahsmith1987@aso.local,1816.Abcd
M,Green,Christian,06/10/1989,650586677,santiago,sistemas,christiangreen1989@aso.local,1817.Abcd
F,Davis,Ella,10/19/1980,667682944,ourense,sistemas,elladavis1980@aso.local,1818.Abcd
F,Garcia,Isabella,06/15/1995,617982965,vigo,desarrollo,isabellagarcia1995@aso.local,1819.Abcd
F,Adams,Olivia,08/29/1972,624917069,lugo,vip,oliviaadams1972@aso.local,1820.Abcd
M,Allen,Christopher,11/15/1976,679506723,santiago,desarrollo,christopherallen1976@aso.local,1821.Abcd
M,Campbell,Isaiah,05/10/1990,683772621,santiago,desarrollo,isaiahcampbell1990@aso.local,1822.Abcd
M,Martinez,Alexander,11/04/1988,667257971,santiago,desarrollo,alexandermartinez1988@aso.local,1823.Abcd
M,Hill,Nathan,05/14/1980,666067043,vigo,desarrollo,nathanhill1980@aso.local,1824.Abcd
M,Young,Aaron,03/19/1991,634857744,vigo,sistemas,aaronyoung1991@aso.local,1825.Abcd
F,Hernandez,Chloe,06/21/1992,657331262,ourense,vip,chloehernandez1992@aso.local,1826.Abcd
F,Clark,Claire,04/26/1997,607210555,santiago,desarrollo,claireclark1997@aso.local,1827.Abcd
F,Allen,Lily,12/13/1999,607118726,lugo,vip,lilyallen1999@aso.local,1828.Abcd
F,Lee,Layla,02/06/1970,629945511,vigo,vip,laylalee1970@aso.local,1829.Abcd
F,Sanchez,Abigail,09/03/1976,660353698,ourense,desarrollo,abigailsanchez1976@aso.local,1830.Abcd
F,Turner,Anna,07/23/1978,605731243,santiago,vip,annaturner1978@aso.local,1831.Abcd
F,Evans,Mia,07/29/1972,662196455,ourense,desarrollo,miaevans1972@aso.local,1832.Abcd
M,Campbell,Matthew,09/03/1994,611965040,lugo,desarrollo,matthewcampbell1994@aso.local,1833.Abcd
F,Davis,Charlotte,03/20/1973,602742975,vigo,marketing,charlottedavis1973@aso.local,1834.Abcd
M,Johnson,Caleb,05/13/1975,659058847,lugo,desarrollo,calebjohnson1975@aso.local,1835.Abcd
M,Ezoic,Ryan,12/22/1971,691379117,santiago,desarrollo,ryanezoic1971@aso.local,1836.Abcd
M,Smith,Julian,04/22/1984,650905810,lugo,contabilidad,juliansmith1984@aso.local,1837.Abcd
F,White,Emma,08/29/1992,661128012,ourense,desarrollo,emmawhite1992@aso.local,1838.Abcd
F,Wright,Addison,08/17/1970,681554852,santiago,contabilidad,addisonwright1970@aso.local,1839.Abcd
M,Mitchell,Luke,12/03/1986,642034367,ourense,desarrollo,lukemitchell1986@aso.local,1840.Abcd
M,Sanchez,Owen,04/13/1992,632715069,santiago,desarrollo,owensanchez1992@aso.local,1841.Abcd
M,Jackson,Julian,06/16/1979,652882426,ourense,vip,julianjackson1979@aso.local,1842.Abcd
F,Lopez,Ava,09/15/1972,666123088,lugo,marketing,avalopez1972@aso.local,1843.Abcd
M,Miller,Caleb,09/24/1984,667427095,ourense,desarrollo,calebmiller1984@aso.local,1844.Abcd
M,Clark,Andrew,08/11/1991,698809268,ourense,desarrollo,andrewclark1991@aso.local,1845.Abcd
F,Ezoic,Victoria,12/21/1995,614781121,santiago,desarrollo,victoriaezoic1995@aso.local,1846.Abcd
F,Miller,Lily,01/09/1992,617363034,santiago,desarrollo,lilymiller1992@aso.local,1847.Abcd
M,Taylor,Jayden,06/20/1980,631500686,santiago,sistemas,jaydentaylor1980@aso.local,1848.Abcd
M,Roberts,Eli,12/09/1992,638819743,ourense,desarrollo,eliroberts1992@aso.local,1849.Abcd
M,Martin,James,12/20/1975,611810377,santiago,desarrollo,jamesmartin1975@aso.local,1850.Abcd
F,Rodriguez,Evelyn,08/07/1987,609158238,santiago,desarrollo,evelynrodriguez1987@aso.local,1851.Abcd
F,King,Abigail,07/10/1986,675959948,ourense,desarrollo,abigailking1986@aso.local,1852.Abcd
M,Green,Jacob,07/02/1971,649373793,vigo,contabilidad,jacobgreen1971@aso.local,1853.Abcd
M,Roberts,Aaron,10/27/1995,610158887,ourense,desarrollo,aaronroberts1995@aso.local,1854.Abcd
M,Nelson,Owen,08/14/1973,641627634,santiago,desarrollo,owennelson1973@aso.local,1855.Abcd
F,Clark,Gabriella,10/15/1972,686150442,vigo,desarrollo,gabriellaclark1972@aso.local,1856.Abcd
F,Thomas,Samantha,09/27/1973,684893084,vigo,contabilidad,samanthathomas1973@aso.local,1857.Abcd
F,Rodriguez,Zoe,10/09/1988,609527363,ourense,desarrollo,zoerodriguez1988@aso.local,1858.Abcd
M,Young,Dylan,02/26/1983,699976435,lugo,desarrollo,dylanyoung1983@aso.local,1859.Abcd
F,Sanchez,Riley,08/02/1991,648693733,vigo,sistemas,rileysanchez1991@aso.local,1860.Abcd
M,Martin,Matthew,04/03/1983,612509986,vigo,marketing,matthewmartin1983@aso.local,1861.Abcd
M,Harris,William,02/21/1988,651519394,vigo,desarrollo,williamharris1988@aso.local,1862.Abcd
M,Lewis,Ryan,10/05/1995,642957515,santiago,vip,ryanlewis1995@aso.local,1863.Abcd
F,Sanchez,Evelyn,07/22/1970,679439292,vigo,sistemas,evelynsanchez1970@aso.local,1864.Abcd
M,White,Andrew,10/11/1989,687963619,santiago,desarrollo,andrewwhite1989@aso.local,1865.Abcd
M,Johnson,Levi,12/13/1998,619203225,santiago,desarrollo,levijohnson1998@aso.local,1866.Abcd
F,Harris,Mia,11/07/1988,652631719,ourense,vip,miaharris1988@aso.local,1867.Abcd
F,Robinson,Harper,12/26/1995,681329919,santiago,sistemas,harperrobinson1995@aso.local,1868.Abcd
M,Robinson,Carter,10/23/1977,621415917,ourense,contabilidad,carterrobinson1977@aso.local,1869.Abcd
M,Phillips,Logan,08/07/1987,603629968,ourense,desarrollo,loganphillips1987@aso.local,1870.Abcd
F,Sanchez,Natalie,08/02/1990,683153369,vigo,contabilidad,nataliesanchez1990@aso.local,1871.Abcd
M,Wright,Isaac,03/30/1970,612965614,santiago,desarrollo,isaacwright1970@aso.local,1872.Abcd
F,Smith,Aubrey,04/01/1986,636954785,vigo,desarrollo,aubreysmith1986@aso.local,1873.Abcd
F,Miller,Riley,03/23/1991,621838336,lugo,desarrollo,rileymiller1991@aso.local,1874.Abcd
F,Jones,Emily,12/14/1993,647999862,santiago,vip,emilyjones1993@aso.local,1875.Abcd
M,Allen,Gabriel,10/24/1998,694674461,santiago,desarrollo,gabrielallen1998@aso.local,1876.Abcd
F,Garcia,Abigail,11/18/1998,649039904,vigo,desarrollo,abigailgarcia1998@aso.local,1877.Abcd
M,Anderson,William,01/09/1984,691953548,vigo,desarrollo,williamanderson1984@aso.local,1878.Abcd
F,Martinez,Abigail,07/19/1984,699776353,lugo,desarrollo,abigailmartinez1984@aso.local,1879.Abcd
M,Lewis,Hunter,09/02/1976,612132597,lugo,marketing,hunterlewis1976@aso.local,1880.Abcd
F,Miller,Isabella,01/04/1970,673142474,santiago,desarrollo,isabellamiller1970@aso.local,1881.Abcd
M,Martin,Aaron,03/30/1975,640414907,lugo,marketing,aaronmartin1975@aso.local,1882.Abcd
M,Clark,Lucas,08/06/1990,644339806,ourense,desarrollo,lucasclark1990@aso.local,1883.Abcd
F,Moore,Hailey,05/04/1998,661670926,santiago,desarrollo,haileymoore1998@aso.local,1884.Abcd
M,Rodriguez,Sebastian,11/05/1988,601328103,santiago,sistemas,sebastianrodriguez1988@aso.local,1885.Abcd
F,Harris,Zoey,11/06/1970,622114770,santiago,desarrollo,zoeyharris1970@aso.local,1886.Abcd
F,Lopez,Hailey,12/29/1999,631786434,santiago,desarrollo,haileylopez1999@aso.local,1887.Abcd
M,Wright,Matthew,10/27/1995,690728404,santiago,desarrollo,matthewwright1995@aso.local,1888.Abcd
F,Hill,Olivia,01/11/1975,645199736,santiago,desarrollo,oliviahill1975@aso.local,1889.Abcd
M,Robinson,Caleb,05/04/1995,698150626,ourense,desarrollo,calebrobinson1995@aso.local,1890.Abcd
F,Lewis,Emily,06/10/1985,634678017,santiago,sistemas,emilylewis1985@aso.local,1891.Abcd
F,Thomas,Olivia,06/21/1992,654270173,lugo,contabilidad,oliviathomas1992@aso.local,1892.Abcd
M,Adams,Nathan,09/19/1989,674514706,santiago,desarrollo,nathanadams1989@aso.local,1893.Abcd
F,Mitchell,Madison,03/01/1976,692337334,lugo,contabilidad,madisonmitchell1976@aso.local,1894.Abcd
F,Turner,Avery,04/24/1979,686994750,lugo,desarrollo,averyturner1979@aso.local,1895.Abcd
M,Lewis,Caleb,10/26/1985,658568243,santiago,desarrollo,caleblewis1985@aso.local,1896.Abcd
F,Taylor,Evelyn,12/23/1979,688415816,ourense,desarrollo,evelyntaylor1979@aso.local,1897.Abcd
F,Sanchez,Lillian,08/21/1981,696095714,vigo,desarrollo,lilliansanchez1981@aso.local,1898.Abcd
F,Green,Hannah,10/31/1980,626126040,lugo,desarrollo,hannahgreen1980@aso.local,1899.Abcd
M,Lopez,Mason,11/10/1983,672022284,lugo,marketing,masonlopez1983@aso.local,1900.Abcd
M,Wright,Lucas,11/05/1989,682055524,vigo,marketing,lucaswright1989@aso.local,1901.Abcd
F,Green,Elizabeth,11/12/1997,614155447,lugo,desarrollo,elizabethgreen1997@aso.local,1902.Abcd
F,Wilson,Addison,04/06/1970,696526978,santiago,marketing,addisonwilson1970@aso.local,1903.Abcd
F,Harris,Audrey,08/12/1970,604308147,ourense,desarrollo,audreyharris1970@aso.local,1904.Abcd
M,Roberts,Liam,05/03/1993,644181957,lugo,desarrollo,liamroberts1993@aso.local,1905.Abcd
M,Rodriguez,Levi,02/22/1990,695835856,lugo,desarrollo,levirodriguez1990@aso.local,1906.Abcd
F,Lewis,Mia,03/21/1988,680741401,vigo,vip,mialewis1988@aso.local,1907.Abcd
F,Green,Alexis,03/31/1987,660399049,vigo,desarrollo,alexisgreen1987@aso.local,1908.Abcd
F,Thomas,Claire,10/25/1978,652881956,ourense,desarrollo,clairethomas1978@aso.local,1909.Abcd
F,Baker,Scarlett,01/27/1984,658754825,ourense,contabilidad,scarlettbaker1984@aso.local,1910.Abcd
F,Anderson,Addison,12/06/1984,693260537,vigo,desarrollo,addisonanderson1984@aso.local,1911.Abcd
F,Miller,Isabella,09/13/1998,691879733,lugo,sistemas,isabellamiller1998@aso.local,1912.Abcd
M,Davis,Carter,08/13/1992,667873966,santiago,desarrollo,carterdavis1992@aso.local,1913.Abcd
M,Walker,Andrew,09/03/1993,601338886,ourense,desarrollo,andrewwalker1993@aso.local,1914.Abcd
F,Gonzalez,Anna,12/09/1972,623819475,santiago,contabilidad,annagonzalez1972@aso.local,1915.Abcd
F,Hill,Avery,06/26/1995,656132677,vigo,sistemas,averyhill1995@aso.local,1916.Abcd
M,Robinson,Joshua,03/29/1999,639773833,santiago,desarrollo,joshuarobinson1999@aso.local,1917.Abcd
F,Taylor,Avery,05/25/1998,699479267,vigo,sistemas,averytaylor1998@aso.local,1918.Abcd
F,Rodriguez,Alexis,12/06/1983,630211641,lugo,sistemas,alexisrodriguez1983@aso.local,1919.Abcd
M,Perez,Owen,12/19/1976,681395786,santiago,desarrollo,owenperez1976@aso.local,1920.Abcd
M,Lewis,Isaac,09/23/1970,633438352,lugo,sistemas,isaaclewis1970@aso.local,1921.Abcd
F,Lewis,Audrey,11/29/1975,603607113,santiago,vip,audreylewis1975@aso.local,1922.Abcd
M,Johnson,Caleb,07/27/1992,622312690,lugo,desarrollo,calebjohnson1992@aso.local,1923.Abcd
F,Roberts,Hannah,04/26/1976,670395192,vigo,desarrollo,hannahroberts1976@aso.local,1924.Abcd
M,Baker,Landon,06/03/1972,628411308,vigo,contabilidad,landonbaker1972@aso.local,1925.Abcd
F,Rodriguez,Madison,03/30/1975,615158567,ourense,desarrollo,madisonrodriguez1975@aso.local,1926.Abcd
F,Phillips,Brooklyn,10/19/1988,646083692,ourense,contabilidad,brooklynphillips1988@aso.local,1927.Abcd
F,Wilson,Camila,11/27/1987,615729805,santiago,vip,camilawilson1987@aso.local,1928.Abcd
F,Lopez,Abigail,01/26/1971,665563953,lugo,sistemas,abigaillopez1971@aso.local,1929.Abcd
M,Hernandez,Joshua,02/01/1988,604996666,santiago,desarrollo,joshuahernandez1988@aso.local,1930.Abcd
F,Nelson,Evelyn,02/21/1975,608110563,ourense,desarrollo,evelynnelson1975@aso.local,1931.Abcd
M,Jackson,Isaiah,07/14/1985,676135671,lugo,desarrollo,isaiahjackson1985@aso.local,1932.Abcd
M,Roberts,Michael,12/30/1997,616661430,santiago,contabilidad,michaelroberts1997@aso.local,1933.Abcd
M,White,Isaiah,07/26/1974,664898628,ourense,desarrollo,isaiahwhite1974@aso.local,1934.Abcd
M,Taylor,Jonathan,06/06/1984,623195676,vigo,marketing,jonathantaylor1984@aso.local,1935.Abcd
F,Nelson,Claire,08/12/1982,677588850,ourense,desarrollo,clairenelson1982@aso.local,1936.Abcd
F,Scott,Sarah,05/13/1988,677926678,vigo,sistemas,sarahscott1988@aso.local,1937.Abcd
M,Evans,Aiden,12/02/1985,605199701,santiago,desarrollo,aidenevans1985@aso.local,1938.Abcd
M,Brown,David,09/05/1974,659575950,ourense,desarrollo,davidbrown1974@aso.local,1939.Abcd
F,Baker,Brooklyn,12/07/1995,612304929,vigo,sistemas,brooklynbaker1995@aso.local,1940.Abcd
M,Johnson,Dylan,01/17/1999,631780719,vigo,sistemas,dylanjohnson1999@aso.local,1941.Abcd
F,Hall,Emily,01/31/1992,601687920,vigo,desarrollo,emilyhall1992@aso.local,1942.Abcd
F,Turner,Sarah,01/15/1996,619705801,santiago,contabilidad,sarahturner1996@aso.local,1943.Abcd
F,Wright,Scarlett,04/30/1999,616905141,ourense,vip,scarlettwright1999@aso.local,1944.Abcd
F,Garcia,Layla,08/25/1975,687755992,vigo,marketing,laylagarcia1975@aso.local,1945.Abcd
M,King,Ryan,10/30/1973,643771886,lugo,vip,ryanking1973@aso.local,1946.Abcd
F,Smith,Grace,02/13/1988,677727088,santiago,desarrollo,gracesmith1988@aso.local,1947.Abcd
M,Taylor,Julian,11/02/1991,600110517,vigo,vip,juliantaylor1991@aso.local,1948.Abcd
M,Harris,Mason,03/26/1993,686719231,ourense,desarrollo,masonharris1993@aso.local,1949.Abcd
F,Garcia,Aubrey,02/06/1981,627933421,santiago,sistemas,aubreygarcia1981@aso.local,1950.Abcd
F,Robinson,Navaeh,04/08/1999,625161910,vigo,desarrollo,navaehrobinson1999@aso.local,1951.Abcd
F,Turner,Aria,08/26/1990,638081094,ourense,sistemas,ariaturner1990@aso.local,1952.Abcd
F,Phillips,Sofia,03/01/1994,606766770,vigo,desarrollo,sofiaphillips1994@aso.local,1953.Abcd
F,Wright,Samantha,08/06/1990,687676518,lugo,marketing,samanthawright1990@aso.local,1954.Abcd
M,Young,Jonathan,08/03/1999,602718354,lugo,vip,jonathanyoung1999@aso.local,1955.Abcd
M,Perez,Oliver,03/26/1995,667454962,vigo,desarrollo,oliverperez1995@aso.local,1956.Abcd
M,Clark,Lucas,04/17/1974,631831788,ourense,desarrollo,lucasclark1974@aso.local,1957.Abcd
F,Wilson,Lillian,02/25/1985,625622640,ourense,desarrollo,lillianwilson1985@aso.local,1958.Abcd
M,Ezoic,Gabriel,02/16/1971,695299220,vigo,marketing,gabrielezoic1971@aso.local,1959.Abcd
M,Lee,William,07/20/1978,673883999,vigo,contabilidad,williamlee1978@aso.local,1960.Abcd
F,Hernandez,Addison,05/06/1986,648870454,lugo,contabilidad,addisonhernandez1986@aso.local,1961.Abcd
M,Martinez,Daniel,01/18/1994,609814980,ourense,contabilidad,danielmartinez1994@aso.local,1962.Abcd
F,Turner,Harper,05/14/1988,668097641,ourense,contabilidad,harperturner1988@aso.local,1963.Abcd
M,Turner,James,12/20/1986,679435500,ourense,desarrollo,jamesturner1986@aso.local,1964.Abcd
F,Sanchez,Amelia,02/21/1997,619566722,santiago,vip,ameliasanchez1997@aso.local,1965.Abcd
F,Thomas,Camila,04/22/1984,651657729,lugo,desarrollo,camilathomas1984@aso.local,1966.Abcd
F,Hill,Charlotte,11/14/1984,686914065,lugo,sistemas,charlottehill1984@aso.local,1967.Abcd
M,Hill,Noah,07/24/1991,686203733,santiago,desarrollo,noahhill1991@aso.local,1968.Abcd
F,Martinez,Aaliyah,02/23/1980,685900246,vigo,desarrollo,aaliyahmartinez1980@aso.local,1969.Abcd
F,Miller,Sofia,09/06/1983,639937231,lugo,desarrollo,sofiamiller1983@aso.local,1970.Abcd
F,King,Sofia,01/26/1972,696742384,ourense,marketing,sofiaking1972@aso.local,1971.Abcd
M,Harris,Jackson,06/12/1983,625936386,lugo,desarrollo,jacksonharris1983@aso.local,1972.Abcd
M,Turner,Oliver,02/14/1983,692930361,vigo,desarrollo,oliverturner1983@aso.local,1973.Abcd
M,Williams,Noah,09/09/1983,658789442,lugo,vip,noahwilliams1983@aso.local,1974.Abcd
M,Hernandez,Christopher,04/11/1997,645288604,santiago,desarrollo,christopherhernandez1997@aso.local,1975.Abcd
M,Lopez,Wyatt,10/20/1988,695588266,ourense,desarrollo,wyattlopez1988@aso.local,1976.Abcd
M,Gonzalez,Jackson,08/07/1975,642002217,santiago,desarrollo,jacksongonzalez1975@aso.local,1977.Abcd
M,Thompson,Christopher,04/30/1994,632706174,ourense,desarrollo,christopherthompson1994@aso.local,1978.Abcd
M,Hall,Hunter,02/14/1987,631995022,lugo,sistemas,hunterhall1987@aso.local,1979.Abcd
F,Jackson,Addison,07/05/1985,650982132,vigo,desarrollo,addisonjackson1985@aso.local,1980.Abcd
M,Phillips,Anthony,07/25/1979,617857880,santiago,contabilidad,anthonyphillips1979@aso.local,1981.Abcd
M,Lee,Levi,04/12/1991,610655800,lugo,vip,levilee1991@aso.local,1982.Abcd
F,King,Savannah,08/07/1996,601754234,vigo,desarrollo,savannahking1996@aso.local,1983.Abcd
F,Mitchell,Zoe,06/05/1990,610033381,lugo,desarrollo,zoemitchell1990@aso.local,1984.Abcd
F,Harris,Emma,12/06/1988,675528919,lugo,desarrollo,emmaharris1988@aso.local,1985.Abcd
F,King,Aaliyah,02/23/1995,660297644,lugo,desarrollo,aaliyahking1995@aso.local,1986.Abcd
F,Jones,Madison,08/15/1982,698580421,ourense,desarrollo,madisonjones1982@aso.local,1987.Abcd
M,Ezoic,Daniel,10/04/1986,685423318,ourense,desarrollo,danielezoic1986@aso.local,1988.Abcd
F,Moore,Aaliyah,07/07/1984,616281343,santiago,desarrollo,aaliyahmoore1984@aso.local,1989.Abcd
F,Ezoic,Navaeh,01/22/1975,609409031,ourense,marketing,navaehezoic1975@aso.local,1990.Abcd
F,Carter,Mia,03/28/1995,678198368,santiago,sistemas,miacarter1995@aso.local,1991.Abcd
M,Anderson,Joseph,10/12/1974,678410806,vigo,sistemas,josephanderson1974@aso.local,1992.Abcd
M,Martinez,Jacob,06/23/1977,664048346,ourense,desarrollo,jacobmartinez1977@aso.local,1993.Abcd
M,Perez,Sebastian,07/18/1976,617261527,vigo,desarrollo,sebastianperez1976@aso.local,1994.Abcd
M,Robinson,Anthony,03/03/1986,626304185,santiago,desarrollo,anthonyrobinson1986@aso.local,1995.Abcd
F,Miller,Claire,07/31/1980,673808395,santiago,sistemas,clairemiller1980@aso.local,1996.Abcd
F,Thompson,Aubrey,09/01/1988,681166767,vigo,sistemas,aubreythompson1988@aso.local,1997.Abcd
M,Lewis,Joseph,11/26/1972,619916725,lugo,desarrollo,josephlewis1972@aso.local,1998.Abcd
M,Miller,Luke,01/19/1977,623836718,vigo,desarrollo,lukemiller1977@aso.local,1999.Abcd
M,Green,Andrew,12/03/1981,648784833,santiago,vip,andrewgreen1981@aso.local,2000.Abcd
M,Evans,Alexander,09/19/1989,676377219,vigo,sistemas,alexanderevans1989@aso.local,2001.Abcd
M,Davis,Landon,06/05/1979,676784141,ourense,contabilidad,landondavis1979@aso.local,2002.Abcd
F,Ezoic,Audrey,03/01/1992,675023956,ourense,vip,audreyezoic1992@aso.local,2003.Abcd
M,Lewis,Benjamin,10/15/1985,613051218,ourense,desarrollo,benjaminlewis1985@aso.local,2004.Abcd
F,Green,Aaliyah,08/24/1976,663793041,vigo,desarrollo,aaliyahgreen1976@aso.local,2005.Abcd
F,Nelson,Sofia,01/05/1975,664824758,ourense,desarrollo,sofianelson1975@aso.local,2006.Abcd
M,Hall,Anthony,03/12/1993,638184682,ourense,desarrollo,anthonyhall1993@aso.local,2007.Abcd
F,Hill,Layla,04/30/1973,650621834,ourense,sistemas,laylahill1973@aso.local,2008.Abcd
M,Carter,Eli,01/31/1970,694469713,ourense,desarrollo,elicarter1970@aso.local,2009.Abcd
F,Young,Lillian,09/19/1985,656817534,vigo,desarrollo,lillianyoung1985@aso.local,2010.Abcd
M,Lopez,Carter,04/05/1993,654334950,lugo,desarrollo,carterlopez1993@aso.local,2011.Abcd
M,Carter,Sebastian,12/04/1985,635509690,ourense,desarrollo,sebastiancarter1985@aso.local,2012.Abcd
F,Lewis,Claire,08/11/1980,665234397,ourense,desarrollo,clairelewis1980@aso.local,2013.Abcd
F,Lewis,Isabella,12/20/1986,628630739,ourense,desarrollo,isabellalewis1986@aso.local,2014.Abcd
M,Lee,Julian,08/13/1973,684072857,ourense,desarrollo,julianlee1973@aso.local,2015.Abcd
M,Martinez,Matthew,05/24/1987,666843435,ourense,desarrollo,matthewmartinez1987@aso.local,2016.Abcd
M,Brown,Mason,07/04/1979,602179992,ourense,vip,masonbrown1979@aso.local,2017.Abcd
F,Hill,Zoey,10/05/1986,664325996,lugo,desarrollo,zoeyhill1986@aso.local,2018.Abcd
M,Young,Daniel,12/29/1999,678187579,ourense,desarrollo,danielyoung1999@aso.local,2019.Abcd
F,King,Charlotte,09/13/1981,654439739,ourense,desarrollo,charlotteking1981@aso.local,2020.Abcd
M,Carter,Nathan,10/03/1986,648092045,santiago,desarrollo,nathancarter1986@aso.local,2021.Abcd
M,Rodriguez,Christopher,01/15/1989,641931166,ourense,sistemas,christopherrodriguez1989@aso.local,2022.Abcd
M,Lee,Sebastian,06/07/1980,642932522,santiago,desarrollo,sebastianlee1980@aso.local,2023.Abcd
F,Campbell,Evelyn,07/07/1995,673420238,vigo,desarrollo,evelyncampbell1995@aso.local,2024.Abcd
F,Taylor,Savannah,01/19/1990,648711261,vigo,desarrollo,savannahtaylor1990@aso.local,2025.Abcd
M,Robinson,Isaiah,11/17/1991,625393933,vigo,desarrollo,isaiahrobinson1991@aso.local,2026.Abcd
F,Moore,Claire,04/09/1988,650846833,ourense,desarrollo,clairemoore1988@aso.local,2027.Abcd
M,Phillips,Benjamin,02/27/1970,647554219,santiago,sistemas,benjaminphillips1970@aso.local,2028.Abcd
M,Lopez,Joseph,08/22/1989,681819202,lugo,contabilidad,josephlopez1989@aso.local,2029.Abcd
M,Miller,Daniel,06/28/1978,665069944,santiago,sistemas,danielmiller1978@aso.local,2030.Abcd
M,Evans,Noah,05/03/1998,676086837,lugo,sistemas,noahevans1998@aso.local,2031.Abcd
M,Robinson,Levi,01/21/1976,629533158,ourense,marketing,levirobinson1976@aso.local,2032.Abcd
F,White,Lily,02/19/1994,611439666,ourense,desarrollo,lilywhite1994@aso.local,2033.Abcd
F,Green,Audrey,07/23/1980,666738976,vigo,marketing,audreygreen1980@aso.local,2034.Abcd
F,Williams,Alexa,03/09/1972,616577631,santiago,desarrollo,alexawilliams1972@aso.local,2035.Abcd
M,Perez,Christian,01/13/1974,627273317,santiago,marketing,christianperez1974@aso.local,2036.Abcd
M,King,Isaiah,06/30/1986,650522037,santiago,desarrollo,isaiahking1986@aso.local,2037.Abcd
F,Davis,Olivia,02/06/1976,649962822,ourense,desarrollo,oliviadavis1976@aso.local,2038.Abcd
F,Scott,Gabriella,08/07/1992,639045340,santiago,sistemas,gabriellascott1992@aso.local,2039.Abcd
M,Clark,Aiden,11/17/1975,691016725,santiago,desarrollo,aidenclark1975@aso.local,2040.Abcd
F,Martinez,Layla,04/12/1990,695048313,vigo,desarrollo,laylamartinez1990@aso.local,2041.Abcd
F,Jackson,Claire,03/09/1988,611613623,ourense,desarrollo,clairejackson1988@aso.local,2042.Abcd
F,Roberts,Sophia,06/15/1983,641509522,santiago,marketing,sophiaroberts1983@aso.local,2043.Abcd
F,Jackson,Ava,07/19/1988,624796457,lugo,sistemas,avajackson1988@aso.local,2044.Abcd
F,Moore,Aaliyah,11/19/1971,680056578,ourense,sistemas,aaliyahmoore1971@aso.local,2045.Abcd
M,Taylor,Sebastian,11/03/1986,615394165,lugo,desarrollo,sebastiantaylor1986@aso.local,2046.Abcd
M,Johnson,Sebastian,02/10/1977,696960701,lugo,contabilidad,sebastianjohnson1977@aso.local,2047.Abcd
F,Lopez,Hannah,09/01/1975,697031975,lugo,desarrollo,hannahlopez1975@aso.local,2048.Abcd
M,Brown,Samuel,01/02/1982,655600498,vigo,desarrollo,samuelbrown1982@aso.local,2049.Abcd
F,Wilson,Amelia,10/27/1986,697524155,lugo,marketing,ameliawilson1986@aso.local,2050.Abcd
F,Scott,Aubrey,08/07/1991,674345645,lugo,desarrollo,aubreyscott1991@aso.local,2051.Abcd
F,Perez,Olivia,11/29/1987,652186884,santiago,desarrollo,oliviaperez1987@aso.local,2052.Abcd
M,Sanchez,Matthew,06/10/1983,668139166,ourense,sistemas,matthewsanchez1983@aso.local,2053.Abcd
M,Scott,Henry,06/16/1989,681836604,vigo,contabilidad,henryscott1989@aso.local,2054.Abcd
F,Davis,Elizabeth,01/12/1992,614772027,lugo,desarrollo,elizabethdavis1992@aso.local,2055.Abcd
M,Phillips,Nathan,12/26/1996,614195413,ourense,desarrollo,nathanphillips1996@aso.local,2056.Abcd
F,Garcia,Abigail,03/19/1997,641600502,lugo,desarrollo,abigailgarcia1997@aso.local,2057.Abcd
F,Campbell,Alexis,07/19/1983,631669731,ourense,contabilidad,alexiscampbell1983@aso.local,2058.Abcd
M,Wright,Isaac,01/26/1972,670154793,lugo,sistemas,isaacwright1972@aso.local,2059.Abcd
M,Carter,Oliver,07/29/1973,663201045,vigo,contabilidad,olivercarter1973@aso.local,2060.Abcd
M,Martin,James,08/02/1990,610303353,ourense,sistemas,jamesmartin1990@aso.local,2061.Abcd
M,Thomas,Noah,09/13/1986,632498479,ourense,desarrollo,noahthomas1986@aso.local,2062.Abcd
M,Jackson,James,05/22/1982,672179180,santiago,desarrollo,jamesjackson1982@aso.local,2063.Abcd
M,Garcia,Isaac,02/03/1980,606296944,santiago,desarrollo,isaacgarcia1980@aso.local,2064.Abcd
M,Jones,Mason,07/29/1977,670100047,vigo,desarrollo,masonjones1977@aso.local,2065.Abcd
M,Rodriguez,Dylan,06/18/1989,632147325,lugo,desarrollo,dylanrodriguez1989@aso.local,2066.Abcd
M,Green,Luke,01/14/1970,613588307,lugo,marketing,lukegreen1970@aso.local,2067.Abcd
M,Anderson,Benjamin,08/18/1980,694942320,santiago,desarrollo,benjaminanderson1980@aso.local,2068.Abcd
M,Jones,Joseph,12/19/1977,666920164,lugo,marketing,josephjones1977@aso.local,2069.Abcd
M,Williams,Joshua,07/16/1981,694317057,vigo,sistemas,joshuawilliams1981@aso.local,2070.Abcd
M,Green,Michael,08/12/1975,648800778,vigo,marketing,michaelgreen1975@aso.local,2071.Abcd
F,Thomas,Madison,07/08/1987,637914616,vigo,vip,madisonthomas1987@aso.local,2072.Abcd
F,Wright,Lillian,08/19/1972,647063053,ourense,contabilidad,lillianwright1972@aso.local,2073.Abcd
F,King,Leah,03/11/1971,647404556,ourense,desarrollo,leahking1971@aso.local,2074.Abcd
F,Roberts,Kaylee,05/07/1985,608950231,lugo,desarrollo,kayleeroberts1985@aso.local,2075.Abcd
M,King,Dylan,09/17/1998,691142861,santiago,contabilidad,dylanking1998@aso.local,2076.Abcd
M,Evans,Daniel,05/20/1974,622456342,vigo,desarrollo,danielevans1974@aso.local,2077.Abcd
F,Rodriguez,Avery,11/21/1976,625018008,ourense,vip,averyrodriguez1976@aso.local,2078.Abcd
M,Scott,Noah,05/14/1977,655190734,ourense,desarrollo,noahscott1977@aso.local,2079.Abcd
M,Campbell,Carter,05/31/1976,626928345,lugo,desarrollo,cartercampbell1976@aso.local,2080.Abcd
M,Lopez,Christian,07/19/1983,605006197,vigo,vip,christianlopez1983@aso.local,2081.Abcd
M,Martin,Jonathan,12/21/1975,698590762,santiago,desarrollo,jonathanmartin1975@aso.local,2082.Abcd
F,Ezoic,Emily,02/02/1982,619549712,lugo,desarrollo,emilyezoic1982@aso.local,2083.Abcd
M,Thomas,Samuel,02/18/1988,677005471,vigo,desarrollo,samuelthomas1988@aso.local,2084.Abcd
F,King,Chloe,05/28/1994,602936821,vigo,marketing,chloeking1994@aso.local,2085.Abcd
F,Smith,Navaeh,10/09/1989,602249567,vigo,marketing,navaehsmith1989@aso.local,2086.Abcd
M,Adams,Aaron,09/16/1997,657220727,santiago,desarrollo,aaronadams1997@aso.local,2087.Abcd
M,Lopez,Jack,04/13/1981,602771520,lugo,vip,jacklopez1981@aso.local,2088.Abcd
M,Anderson,Owen,06/07/1991,614973165,ourense,sistemas,owenanderson1991@aso.local,2089.Abcd
F,Moore,Madison,08/22/1992,677575890,vigo,desarrollo,madisonmoore1992@aso.local,2090.Abcd
F,Miller,Ella,04/23/1976,610204570,santiago,desarrollo,ellamiller1976@aso.local,2091.Abcd
F,Martinez,Chloe,12/08/1976,661019292,vigo,desarrollo,chloemartinez1976@aso.local,2092.Abcd
F,Taylor,Sophia,03/26/1999,681099795,lugo,marketing,sophiataylor1999@aso.local,2093.Abcd
M,Evans,Christian,08/20/1996,600630166,lugo,marketing,christianevans1996@aso.local,2094.Abcd
M,Rodriguez,Matthew,12/09/1987,624340301,ourense,sistemas,matthewrodriguez1987@aso.local,2095.Abcd
F,Adams,Olivia,04/08/1979,613909324,vigo,desarrollo,oliviaadams1979@aso.local,2096.Abcd
F,Young,Audrey,11/20/1979,688819125,ourense,contabilidad,audreyyoung1979@aso.local,2097.Abcd
M,Evans,Anthony,03/03/1998,630832011,lugo,vip,anthonyevans1998@aso.local,2098.Abcd
F,Garcia,Lillian,04/18/1971,606802249,ourense,desarrollo,lilliangarcia1971@aso.local,2099.Abcd
M,Nelson,Elijah,12/12/1991,671360383,vigo,desarrollo,elijahnelson1991@aso.local,2100.Abcd
F,Phillips,Elizabeth,03/25/1985,685691384,lugo,vip,elizabethphillips1985@aso.local,2101.Abcd
M,Jackson,Logan,07/03/1999,638769154,lugo,desarrollo,loganjackson1999@aso.local,2102.Abcd
M,Jackson,Jackson,04/01/1972,672016095,lugo,sistemas,jacksonjackson1972@aso.local,2103.Abcd
M,Scott,Oliver,05/30/1977,636046717,lugo,marketing,oliverscott1977@aso.local,2104.Abcd
F,Baker,Emma,07/05/1987,681079264,lugo,marketing,emmabaker1987@aso.local,2105.Abcd
M,Phillips,Alexander,05/09/1990,699351440,lugo,sistemas,alexanderphillips1990@aso.local,2106.Abcd
F,Turner,Audrey,08/19/1972,674979693,ourense,sistemas,audreyturner1972@aso.local,2107.Abcd
F,Gonzalez,Harper,09/28/1970,676973689,vigo,desarrollo,harpergonzalez1970@aso.local,2108.Abcd
M,Adams,Samuel,03/13/1988,669216622,vigo,vip,samueladams1988@aso.local,2109.Abcd
F,Evans,Lily,06/29/1992,666952843,lugo,vip,lilyevans1992@aso.local,2110.Abcd
F,Johnson,Natalie,05/22/1980,691368896,santiago,sistemas,nataliejohnson1980@aso.local,2111.Abcd
M,Hall,Wyatt,10/01/1990,695870230,vigo,vip,wyatthall1990@aso.local,2112.Abcd
M,Lopez,Michael,06/04/1994,699392092,santiago,desarrollo,michaellopez1994@aso.local,2113.Abcd
F,Moore,Elizabeth,02/06/1981,600313029,ourense,desarrollo,elizabethmoore1981@aso.local,2114.Abcd
F,Miller,Addison,12/24/1976,688565473,ourense,vip,addisonmiller1976@aso.local,2115.Abcd
M,Carter,Jackson,11/06/1997,633156152,ourense,marketing,jacksoncarter1997@aso.local,2116.Abcd
F,Lewis,Lily,11/17/1987,670308882,vigo,vip,lilylewis1987@aso.local,2117.Abcd
F,Thompson,Victoria,07/20/1998,600580099,santiago,desarrollo,victoriathompson1998@aso.local,2118.Abcd
F,Moore,Mia,02/14/1984,646085681,lugo,sistemas,miamoore1984@aso.local,2119.Abcd
M,Young,Christopher,03/02/1991,660755104,ourense,desarrollo,christopheryoung1991@aso.local,2120.Abcd
M,Hall,John,03/28/1992,689205809,vigo,sistemas,johnhall1992@aso.local,2121.Abcd
F,Miller,Scarlett,11/06/1980,607009475,ourense,desarrollo,scarlettmiller1980@aso.local,2122.Abcd
M,Garcia,Luke,03/27/1995,604753952,santiago,vip,lukegarcia1995@aso.local,2123.Abcd
F,Evans,Layla,01/18/1970,678896201,lugo,desarrollo,laylaevans1970@aso.local,2124.Abcd
F,Clark,Audrey,06/12/1985,687558989,santiago,desarrollo,audreyclark1985@aso.local,2125.Abcd
F,Thomas,Kaylee,12/06/1976,619164702,vigo,vip,kayleethomas1976@aso.local,2126.Abcd
M,Williams,John,04/22/1993,613818922,lugo,desarrollo,johnwilliams1993@aso.local,2127.Abcd
M,White,William,08/03/1971,601318669,vigo,vip,williamwhite1971@aso.local,2128.Abcd
F,Ezoic,Emma,02/18/1986,617316484,vigo,desarrollo,emmaezoic1986@aso.local,2129.Abcd
F,Williams,Ava,09/01/1976,601821510,lugo,sistemas,avawilliams1976@aso.local,2130.Abcd
M,Taylor,Aiden,12/20/1978,677937857,lugo,vip,aidentaylor1978@aso.local,2131.Abcd
M,Wilson,Aaron,11/10/1981,655713557,ourense,desarrollo,aaronwilson1981@aso.local,2132.Abcd
M,Walker,Henry,08/23/1989,692582210,vigo,sistemas,henrywalker1989@aso.local,2133.Abcd
F,Wright,Layla,08/28/1979,683723847,ourense,desarrollo,laylawright1979@aso.local,2134.Abcd
F,Campbell,Ava,04/07/1996,669089704,santiago,vip,avacampbell1996@aso.local,2135.Abcd
M,Garcia,Logan,10/09/1991,672463074,santiago,vip,logangarcia1991@aso.local,2136.Abcd
M,Gonzalez,Samuel,02/18/1987,697148293,lugo,desarrollo,samuelgonzalez1987@aso.local,2137.Abcd
M,King,Julian,03/31/1985,658869013,ourense,vip,julianking1985@aso.local,2138.Abcd
M,Mitchell,Christian,07/01/1981,625595782,ourense,desarrollo,christianmitchell1981@aso.local,2139.Abcd
F,Allen,Olivia,07/08/1982,659599809,lugo,vip,oliviaallen1982@aso.local,2140.Abcd
F,Phillips,Camila,09/20/1992,658267337,lugo,desarrollo,camilaphillips1992@aso.local,2141.Abcd
F,Evans,Ella,11/13/1972,699824131,vigo,desarrollo,ellaevans1972@aso.local,2142.Abcd
F,Anderson,Lily,07/18/1985,626074603,santiago,desarrollo,lilyanderson1985@aso.local,2143.Abcd
F,Carter,Ava,12/03/1994,673606179,santiago,desarrollo,avacarter1994@aso.local,2144.Abcd
F,Hernandez,Ava,06/07/1972,649559615,ourense,sistemas,avahernandez1972@aso.local,2145.Abcd
M,Perez,Jonathan,11/20/1974,629431416,santiago,sistemas,jonathanperez1974@aso.local,2146.Abcd
F,Clark,Claire,07/22/1993,637207779,santiago,marketing,claireclark1993@aso.local,2147.Abcd
M,Moore,Alexander,04/12/1982,636129167,santiago,contabilidad,alexandermoore1982@aso.local,2148.Abcd
M,Green,Henry,10/11/1995,641128103,lugo,sistemas,henrygreen1995@aso.local,2149.Abcd
F,Jackson,Emily,03/27/1984,699685438,ourense,desarrollo,emilyjackson1984@aso.local,2150.Abcd
F,White,Riley,04/03/1970,640890837,vigo,marketing,rileywhite1970@aso.local,2151.Abcd
M,Harris,Joseph,01/04/1979,680041877,ourense,desarrollo,josephharris1979@aso.local,2152.Abcd
F,Taylor,Avery,01/12/1977,632123829,ourense,desarrollo,averytaylor1977@aso.local,2153.Abcd
F,Lee,Zoey,08/27/1980,619999492,lugo,desarrollo,zoeylee1980@aso.local,2154.Abcd
M,Perez,Joshua,05/09/1991,677292538,lugo,contabilidad,joshuaperez1991@aso.local,2155.Abcd
M,Evans,Elijah,01/19/1976,632454258,santiago,marketing,elijahevans1976@aso.local,2156.Abcd
M,Johnson,Wyatt,10/05/1984,654455294,vigo,desarrollo,wyattjohnson1984@aso.local,2157.Abcd
F,Allen,Hannah,09/13/1993,697653118,vigo,sistemas,hannahallen1993@aso.local,2158.Abcd
F,Wilson,Emma,10/21/1973,634907552,lugo,desarrollo,emmawilson1973@aso.local,2159.Abcd
M,Perez,Anthony,12/20/1980,614504783,santiago,marketing,anthonyperez1980@aso.local,2160.Abcd
F,Hall,Alexis,05/24/1999,622969014,lugo,desarrollo,alexishall1999@aso.local,2161.Abcd
M,Taylor,Owen,06/15/1980,604533676,lugo,desarrollo,owentaylor1980@aso.local,2162.Abcd
M,Sanchez,Anthony,03/22/1977,621268589,ourense,contabilidad,anthonysanchez1977@aso.local,2163.Abcd
M,Wilson,Daniel,04/03/1991,655331700,lugo,contabilidad,danielwilson1991@aso.local,2164.Abcd
F,Lewis,Anna,05/26/1992,636592240,lugo,sistemas,annalewis1992@aso.local,2165.Abcd
F,White,Claire,01/06/1986,663835234,lugo,desarrollo,clairewhite1986@aso.local,2166.Abcd
F,Williams,Emma,01/13/1971,643494686,santiago,desarrollo,emmawilliams1971@aso.local,2167.Abcd
M,Sanchez,Dylan,06/19/1988,689490244,lugo,sistemas,dylansanchez1988@aso.local,2168.Abcd
F,Adams,Anna,05/05/1993,614639354,lugo,desarrollo,annaadams1993@aso.local,2169.Abcd
M,Moore,Aiden,08/29/1992,655171832,ourense,vip,aidenmoore1992@aso.local,2170.Abcd
F,Hernandez,Ava,09/24/1970,618116930,vigo,vip,avahernandez1970@aso.local,2171.Abcd
F,Campbell,Savannah,12/04/1976,647423941,vigo,desarrollo,savannahcampbell1976@aso.local,2172.Abcd
M,Turner,Isaac,12/27/1988,699363793,lugo,marketing,isaacturner1988@aso.local,2173.Abcd
M,Wright,Christopher,01/20/1986,692136439,ourense,desarrollo,christopherwright1986@aso.local,2174.Abcd
F,Jackson,Samantha,03/02/1995,666783897,lugo,marketing,samanthajackson1995@aso.local,2175.Abcd
F,Walker,Victoria,11/12/1990,685930681,ourense,sistemas,victoriawalker1990@aso.local,2176.Abcd
F,Hill,Sophia,07/02/1990,610968189,vigo,vip,sophiahill1990@aso.local,2177.Abcd
M,Young,David,11/03/1987,678785464,lugo,desarrollo,davidyoung1987@aso.local,2178.Abcd
M,Clark,Matthew,10/26/1971,691006232,lugo,contabilidad,matthewclark1971@aso.local,2179.Abcd
M,Thomas,Noah,08/19/1999,671860885,ourense,vip,noahthomas1999@aso.local,2180.Abcd
M,Young,Carter,06/08/1990,636694122,vigo,sistemas,carteryoung1990@aso.local,2181.Abcd
M,Phillips,Sebastian,07/02/1974,697295171,vigo,vip,sebastianphillips1974@aso.local,2182.Abcd
M,Harris,Michael,05/20/1998,629682520,lugo,marketing,michaelharris1998@aso.local,2183.Abcd
M,Thomas,Jonathan,01/16/1984,622800950,ourense,desarrollo,jonathanthomas1984@aso.local,2184.Abcd
M,Anderson,Jonathan,06/29/1987,683853024,ourense,desarrollo,jonathananderson1987@aso.local,2185.Abcd
F,Harris,Aubrey,11/15/1998,608277803,santiago,desarrollo,aubreyharris1998@aso.local,2186.Abcd
M,Garcia,Christopher,09/18/1974,680383105,ourense,desarrollo,christophergarcia1974@aso.local,2187.Abcd
M,Sanchez,James,09/09/1999,665813891,santiago,desarrollo,jamessanchez1999@aso.local,2188.Abcd
M,Perez,Joseph,01/24/1976,691416485,vigo,sistemas,josephperez1976@aso.local,2189.Abcd
M,Harris,Jackson,12/06/1971,696943661,ourense,desarrollo,jacksonharris1971@aso.local,2190.Abcd
M,Mitchell,James,07/24/1994,615502807,vigo,desarrollo,jamesmitchell1994@aso.local,2191.Abcd
M,Martin,Aaron,12/14/1975,627257408,lugo,contabilidad,aaronmartin1975@aso.local,2192.Abcd
M,Smith,Logan,04/17/1999,667346965,vigo,desarrollo,logansmith1999@aso.local,2193.Abcd
M,Young,Owen,10/15/1981,617620054,ourense,desarrollo,owenyoung1981@aso.local,2194.Abcd
M,Wright,Jackson,12/17/1978,690749548,vigo,sistemas,jacksonwright1978@aso.local,2195.Abcd
M,Lewis,Oliver,07/30/1987,650827004,santiago,sistemas,oliverlewis1987@aso.local,2196.Abcd
M,Clark,Jayden,10/19/1971,681076046,santiago,vip,jaydenclark1971@aso.local,2197.Abcd
M,Baker,Jayden,06/14/1993,655373287,ourense,desarrollo,jaydenbaker1993@aso.local,2198.Abcd
F,Rodriguez,Leah,12/28/1996,637303288,ourense,desarrollo,leahrodriguez1996@aso.local,2199.Abcd
F,Wright,Victoria,02/13/1988,675549653,ourense,desarrollo,victoriawright1988@aso.local,2200.Abcd
M,Thomas,Jack,12/12/1986,673151077,vigo,desarrollo,jackthomas1986@aso.local,2201.Abcd
M,Hill,Isaac,06/28/1978,673389604,santiago,contabilidad,isaachill1978@aso.local,2202.Abcd
F,Roberts,Lillian,09/08/1984,681522616,vigo,desarrollo,lillianroberts1984@aso.local,2203.Abcd
F,Allen,Zoey,08/17/1989,613656980,ourense,contabilidad,zoeyallen1989@aso.local,2204.Abcd
M,Ezoic,Jackson,11/14/1972,662618216,santiago,desarrollo,jacksonezoic1972@aso.local,2205.Abcd
M,Carter,Anthony,10/12/1973,675983923,lugo,desarrollo,anthonycarter1973@aso.local,2206.Abcd
M,Brown,Henry,09/05/1992,642227483,vigo,marketing,henrybrown1992@aso.local,2207.Abcd
F,Adams,Emma,01/09/1987,620252019,lugo,sistemas,emmaadams1987@aso.local,2208.Abcd
F,Turner,Navaeh,03/03/1987,608790810,vigo,sistemas,navaehturner1987@aso.local,2209.Abcd
M,Nelson,Jackson,02/20/1984,691461558,vigo,desarrollo,jacksonnelson1984@aso.local,2210.Abcd
M,Rodriguez,Owen,02/16/1986,616210504,lugo,contabilidad,owenrodriguez1986@aso.local,2211.Abcd
F,Hill,Isabella,08/15/1970,614051109,lugo,contabilidad,isabellahill1970@aso.local,2212.Abcd
F,Brown,Emma,03/07/1972,609773074,lugo,desarrollo,emmabrown1972@aso.local,2213.Abcd
M,Carter,Michael,03/21/1974,619652043,vigo,marketing,michaelcarter1974@aso.local,2214.Abcd
F,Johnson,Allison,12/19/1970,634573400,lugo,desarrollo,allisonjohnson1970@aso.local,2215.Abcd
F,Hernandez,Chloe,04/25/1982,670793375,vigo,vip,chloehernandez1982@aso.local,2216.Abcd
F,Mitchell,Emily,05/09/1996,613469480,santiago,marketing,emilymitchell1996@aso.local,2217.Abcd
F,Young,Layla,12/31/1998,642407472,vigo,sistemas,laylayoung1998@aso.local,2218.Abcd
M,White,Andrew,06/08/1975,607877630,lugo,desarrollo,andrewwhite1975@aso.local,2219.Abcd
F,Carter,Sarah,06/19/1970,666725119,ourense,desarrollo,sarahcarter1970@aso.local,2220.Abcd
F,Garcia,Natalie,01/13/1980,649167860,ourense,desarrollo,nataliegarcia1980@aso.local,2221.Abcd
M,Allen,Daniel,06/26/1994,637020752,ourense,vip,danielallen1994@aso.local,2222.Abcd
F,Nelson,Emma,02/13/1974,666702876,ourense,vip,emmanelson1974@aso.local,2223.Abcd
F,Lee,Lillian,03/21/1977,666527346,santiago,marketing,lillianlee1977@aso.local,2224.Abcd
F,Hernandez,Claire,10/02/1995,614638110,vigo,contabilidad,clairehernandez1995@aso.local,2225.Abcd
F,Garcia,Alexa,08/16/1970,664981896,vigo,desarrollo,alexagarcia1970@aso.local,2226.Abcd
M,Robinson,Jackson,06/29/1972,696922934,vigo,sistemas,jacksonrobinson1972@aso.local,2227.Abcd
M,Nelson,Dylan,09/19/1984,654977985,santiago,sistemas,dylannelson1984@aso.local,2228.Abcd
M,Hill,Anthony,11/13/1986,643864908,ourense,desarrollo,anthonyhill1986@aso.local,2229.Abcd
M,Wright,Liam,07/13/1989,605992282,vigo,desarrollo,liamwright1989@aso.local,2230.Abcd
M,Roberts,Andrew,06/24/1978,618180183,lugo,desarrollo,andrewroberts1978@aso.local,2231.Abcd
M,Mitchell,Jackson,01/23/1983,628415092,lugo,marketing,jacksonmitchell1983@aso.local,2232.Abcd
M,Lopez,Samuel,05/15/1988,659443890,santiago,sistemas,samuellopez1988@aso.local,2233.Abcd
